Renewable electricity: number of installations at Local Authority Level - as at end of 2024,,,,,,,,,,,,,,,,,,,,,,,,,,,,,,
This worksheet contains one table,,,,,,,,,,,,,,,,,,,,,,,,,,,,,,
Some cells refer to notes which can be found on the notes worksheet.,,,,,,,,,,,,,,,,,,,,,,,,,,,,,,
Local Authority Code [note 1],Local Authority Name  [note 5][note 6][note 7] [note 8][note 9],Region,Country,Estimated number of households  [note 2][note 3][note 4],Photovoltaics,Onshore Wind,Hydro,Anaerobic Digestion,Offshore Wind,Wave/Tidal,Sewage Gas,Landfill Gas,Municipal Solid Waste,Animal Biomass,Plant Biomass,Cofiring,Total,,,,,,,,,,,,,
S12000033,Aberdeen City,Scotland,Scotland," 112,387 ","4,113 ",8 ,2 ,1 ,1 ,0 ,1 ,2 ,1 ,0 ,0 ,0 ,"4,129 ",,,,,,,,,,,,,
S12000034,Aberdeenshire,Scotland,Scotland," 117,419 ","17,381 ",590 ,15 ,5 ,3 ,0 ,0 ,3 ,0 ,0 ,8 ,0 ,"18,005 ",,,,,,,,,,,,,
E07000223,Adur,South East,England," 27,700 ","1,418 ",2 ,0 ,0 ,0 ,0 ,0 ,0 ,0 ,0 ,1 ,0 ,"1,421 ",,,,,,,,,,,,,
E07000032,Amber Valley,East Midlands,England," 56,300 ","3,192 ",9 ,5 ,0 ,0 ,0 ,0 ,0 ,0 ,0 ,0 ,0 ,"3,206 ",,,,,,,,,,,,,
S12000041,Angus,Scotland,Scotland," 54,998 ","5,531 ",91 ,17 ,4 ,0 ,0 ,1 ,3 ,0 ,0 ,7 ,0 ,"5,654 ",,,,,,,,,,,,,
S12000035,Argyll and Bute,Scotland,Scotland," 42,831 ","3,308 ",122 ,126 ,0 ,0 ,2 ,0 ,1 ,0 ,0 ,0 ,0 ,"3,559 ",,,,,,,,,,,,,
E07000224,Arun,South East,England," 72,700 ","4,658 ",1 ,0 ,1 ,0 ,0 ,1 ,2 ,0 ,0 ,0 ,0 ,"4,663 ",,,,,,,,,,,,,
E07000170,Ashfield,East Midlands,England," 54,500 ","3,177 ",6 ,0 ,0 ,0 ,0 ,0 ,1 ,0 ,0 ,1 ,0 ,"3,185 ",,,,,,,,,,,,,
E07000105,Ashford,South East,England," 53,600 ","4,608 ",4 ,0 ,0 ,0 ,0 ,1 ,1 ,0 ,0 ,0 ,0 ,"4,614 ",,,,,,,,,,,,,
E07000200,Babergh,Eastern,England," 40,200 ","5,369 ",5 ,0 ,4 ,0 ,0 ,0 ,1 ,0 ,0 ,0 ,0 ,"5,379 ",,,,,,,,,,,,,
E09000002,Barking and Dagenham,London,England," 73,900 ","2,705 ",1 ,0 ,2 ,0 ,0 ,0 ,0 ,0 ,0 ,0 ,0 ,"2,708 ",,,,,,,,,,,,,
E09000003,Barnet,London,England," 148,900 ","3,261 ",2 ,0 ,0 ,0 ,0 ,0 ,0 ,0 ,0 ,0 ,0 ,"3,263 ",,,,,,,,,,,,,
E08000016,Barnsley,Yorkshire and Humber,England," 108,100 ","7,356 ",37 ,2 ,0 ,0 ,0 ,3 ,0 ,0 ,0 ,1 ,0 ,"7,399 ",,,,,,,,,,,,,
E07000066,Basildon,Eastern,England," 76,400 ","3,047 ",2 ,0 ,1 ,0 ,0 ,1 ,1 ,0 ,0 ,0 ,0 ,"3,052 ",,,,,,,,,,,,,
E07000084,Basingstoke and Deane,South East,England," 76,600 ","4,604 ",1 ,1 ,6 ,0 ,0 ,2 ,1 ,1 ,0 ,1 ,0 ,"4,617 ",,,,,,,,,,,,,
E07000171,Bassetlaw,East Midlands,England," 51,500 ","5,586 ",23 ,1 ,4 ,0 ,0 ,1 ,3 ,0 ,0 ,2 ,0 ,"5,620 ",,,,,,,,,,,,,
E06000022,Bath and North East Somerset,South West,England," 79,200 ","5,402 ",4 ,5 ,2 ,0 ,0 ,0 ,0 ,0 ,0 ,0 ,0 ,"5,413 ",,,,,,,,,,,,,
E06000055,Bedford,Eastern,England," 74,900 ","4,213 ",15 ,1 ,1 ,0 ,0 ,1 ,2 ,1 ,1 ,2 ,0 ,"4,237 ",,,,,,,,,,,,,
E09000004,Bexley,London,England," 95,300 ","2,761 ",2 ,0 ,0 ,0 ,0 ,2 ,0 ,1 ,0 ,0 ,0 ,"2,766 ",,,,,,,,,,,,,
E08000025,Birmingham,West Midlands,England," 423,500 ","13,328 ",2 ,0 ,1 ,0 ,0 ,3 ,0 ,2 ,0 ,1 ,0 ,"13,337 ",,,,,,,,,,,,,
E07000129,Blaby,East Midlands,England," 42,600 ","2,363 ",3 ,0 ,2 ,0 ,0 ,0 ,2 ,0 ,0 ,0 ,0 ,"2,370 ",,,,,,,,,,,,,
E06000008,Blackburn With Darwen,North West,England," 58,800 ","3,408 ",10 ,0 ,0 ,0 ,0 ,0 ,0 ,0 ,0 ,2 ,0 ,"3,420 ",,,,,,,,,,,,,
E06000009,Blackpool,North West,England," 64,800 ","1,507 ",2 ,0 ,0 ,0 ,0 ,0 ,0 ,0 ,0 ,0 ,0 ,"1,509 ",,,,,,,,,,,,,
W06000019,Blaenau Gwent / Blaenau Gwent,Wales,Wales," 30,300 ","1,737 ",6 ,1 ,0 ,0 ,0 ,0 ,1 ,0 ,0 ,1 ,0 ,"1,746 ",,,,,,,,,,,,,
E07000033,Bolsover,East Midlands,England," 35,300 ","2,327 ",4 ,0 ,0 ,0 ,0 ,1 ,1 ,0 ,0 ,0 ,0 ,"2,333 ",,,,,,,,,,,,,
E08000001,Bolton,North West,England," 118,800 ","3,767 ",3 ,0 ,0 ,0 ,0 ,1 ,0 ,1 ,0 ,0 ,0 ,"3,772 ",,,,,,,,,,,,,
E07000136,Boston,East Midlands,England," 29,400 ","3,269 ",27 ,0 ,4 ,1 ,0 ,0 ,1 ,0 ,0 ,1 ,0 ,"3,303 ",,,,,,,,,,,,,
E06000058,"Bournemouth, Christchurch And Poole",South West,England," 173,800 ","10,537 ",1 ,0 ,0 ,0 ,0 ,2 ,1 ,1 ,0 ,2 ,0 ,"10,544 ",,,,,,,,,,,,,
E06000036,Bracknell Forest,South East,England," 50,200 ","3,161 ",1 ,0 ,0 ,0 ,0 ,1 ,1 ,0 ,0 ,0 ,0 ,"3,164 ",,,,,,,,,,,,,
E08000032,Bradford,Yorkshire and Humber,England," 209,900 ","6,585 ",61 ,1 ,0 ,0 ,0 ,2 ,1 ,0 ,0 ,1 ,0 ,"6,651 ",,,,,,,,,,,,,
E07000067,Braintree,Eastern,England," 65,000 ","4,002 ",11 ,0 ,2 ,0 ,0 ,0 ,1 ,0 ,0 ,0 ,0 ,"4,016 ",,,,,,,,,,,,,
E07000143,Breckland,Eastern,England," 60,400 ","6,678 ",191 ,0 ,7 ,0 ,0 ,0 ,2 ,0 ,1 ,1 ,0 ,"6,880 ",,,,,,,,,,,,,
E09000005,Brent,London,England," 118,600 ","2,035 ",2 ,0 ,0 ,0 ,0 ,0 ,0 ,0 ,0 ,1 ,0 ,"2,038 ",,,,,,,,,,,,,
E07000068,Brentwood,Eastern,England," 32,300 ","1,361 ",1 ,0 ,0 ,0 ,0 ,1 ,0 ,0 ,0 ,0 ,0 ,"1,363 ",,,,,,,,,,,,,
W06000013,Bridgend / Pen-Y-Bont Ar Ogwr,Wales,Wales," 62,400 ","3,636 ",19 ,4 ,1 ,0 ,0 ,1 ,1 ,0 ,0 ,0 ,0 ,"3,662 ",,,,,,,,,,,,,
E06000043,Brighton and Hove,South East,England," 121,400 ","4,498 ",2 ,0 ,0 ,0 ,0 ,0 ,0 ,0 ,0 ,0 ,0 ,"4,500 ",,,,,,,,,,,,,
E06000023,"Bristol, City of",South West,England," 191,600 ","10,029 ",9 ,0 ,2 ,0 ,0 ,1 ,0 ,4 ,0 ,0 ,0 ,"10,045 ",,,,,,,,,,,,,
E07000144,Broadland,Eastern,England," 57,800 ","5,932 ",15 ,0 ,2 ,0 ,0 ,0 ,2 ,0 ,0 ,1 ,0 ,"5,952 ",,,,,,,,,,,,,
E09000006,Bromley,London,England," 135,800 ","3,771 ",0 ,0 ,0 ,0 ,0 ,0 ,0 ,0 ,0 ,0 ,0 ,"3,771 ",,,,,,,,,,,,,
E07000234,Bromsgrove,West Midlands,England," 41,300 ","2,129 ",1 ,0 ,1 ,0 ,0 ,1 ,1 ,0 ,0 ,0 ,0 ,"2,133 ",,,,,,,,,,,,,
E07000095,Broxbourne,Eastern,England," 39,900 ","1,194 ",0 ,0 ,1 ,0 ,0 ,0 ,0 ,1 ,0 ,0 ,0 ,"1,196 ",,,,,,,,,,,,,
E07000172,Broxtowe,East Midlands,England," 48,400 ","2,388 ",2 ,0 ,0 ,0 ,0 ,2 ,0 ,0 ,0 ,0 ,0 ,"2,392 ",,,,,,,,,,,,,
E06000060,Buckinghamshire,South East,England," 220,300 ","13,619 ",9 ,0 ,2 ,0 ,0 ,2 ,9 ,1 ,0 ,0 ,0 ,"13,642 ",,,,,,,,,,,,,
E07000117,Burnley,North West,England," 39,900 ","1,473 ",20 ,0 ,0 ,0 ,0 ,0 ,1 ,0 ,0 ,0 ,0 ,"1,494 ",,,,,,,,,,,,,
E08000002,Bury,North West,England," 80,700 ","2,349 ",4 ,1 ,0 ,0 ,0 ,1 ,2 ,0 ,0 ,1 ,0 ,"2,358 ",,,,,,,,,,,,,
W06000018,Caerphilly / Caerffili,Wales,Wales," 76,300 ","4,178 ",18 ,0 ,3 ,0 ,0 ,0 ,3 ,0 ,0 ,1 ,0 ,"4,203 ",,,,,,,,,,,,,
E08000033,Calderdale,Yorkshire and Humber,England," 90,500 ","3,697 ",104 ,4 ,0 ,0 ,0 ,0 ,1 ,0 ,0 ,1 ,0 ,"3,807 ",,,,,,,,,,,,,
E07000008,Cambridge,Eastern,England," 52,400 ","4,737 ",0 ,0 ,0 ,0 ,0 ,1 ,0 ,0 ,0 ,0 ,0 ,"4,738 ",,,,,,,,,,,,,
E09000007,Camden,London,England," 92,800 ","1,094 ",0 ,0 ,0 ,0 ,0 ,0 ,0 ,0 ,0 ,0 ,0 ,"1,094 ",,,,,,,,,,,,,
E07000192,Cannock Chase,West Midlands,England," 43,500 ","2,205 ",0 ,0 ,1 ,0 ,0 ,0 ,3 ,0 ,0 ,0 ,0 ,"2,209 ",,,,,,,,,,,,,
E07000106,Canterbury,South East,England," 63,800 ","4,511 ",0 ,0 ,0 ,2 ,0 ,1 ,2 ,0 ,0 ,1 ,0 ,"4,517 ",,,,,,,,,,,,,
W06000015,Cardiff / Caerdydd,Wales,Wales," 147,300 ","5,911 ",2 ,1 ,1 ,0 ,0 ,1 ,2 ,1 ,0 ,0 ,0 ,"5,919 ",,,,,,,,,,,,,
W06000010,Carmarthenshire / Sir Gaerfyrddin,Wales,Wales," 81,800 ","8,864 ",113 ,10 ,3 ,0 ,0 ,0 ,1 ,0 ,0 ,0 ,0 ,"8,991 ",,,,,,,,,,,,,
E07000069,Castle Point,Eastern,England," 37,400 ","1,578 ",0 ,0 ,0 ,0 ,0 ,0 ,0 ,0 ,0 ,0 ,0 ,"1,578 ",,,,,,,,,,,,,
E06000056,Central Bedfordshire,Eastern,England," 120,800 ","7,408 ",8 ,0 ,3 ,0 ,0 ,2 ,6 ,0 ,0 ,1 ,0 ,"7,428 ",,,,,,,,,,,,,
W06000008,Ceredigion,Wales,Wales," 30,900 ","5,413 ",75 ,27 ,5 ,0 ,0 ,1 ,0 ,0 ,0 ,4 ,0 ,"5,525 ",,,,,,,,,,,,,
E07000130,Charnwood,East Midlands,England," 73,800 ","4,112 ",10 ,0 ,3 ,0 ,0 ,2 ,0 ,1 ,0 ,0 ,0 ,"4,128 ",,,,,,,,,,,,,
E07000070,Chelmsford,Eastern,England," 75,400 ","4,786 ",4 ,0 ,0 ,0 ,0 ,1 ,3 ,0 ,0 ,0 ,0 ,"4,794 ",,,,,,,,,,,,,
E07000078,Cheltenham,South West,England," 52,900 ","3,307 ",1 ,0 ,0 ,0 ,0 ,0 ,0 ,0 ,0 ,0 ,0 ,"3,308 ",,,,,,,,,,,,,
E07000177,Cherwell,South East,England," 65,900 ","5,015 ",2 ,0 ,4 ,0 ,0 ,1 ,2 ,1 ,0 ,0 ,0 ,"5,025 ",,,,,,,,,,,,,
E06000049,Cheshire East,North West,England," 174,900 ","9,428 ",18 ,5 ,2 ,0 ,0 ,3 ,5 ,0 ,0 ,3 ,0 ,"9,464 ",,,,,,,,,,,,,
E06000050,Cheshire West And Chester,North West,England," 155,200 ","10,250 ",5 ,0 ,6 ,0 ,0 ,2 ,3 ,0 ,0 ,2 ,0 ,"10,268 ",,,,,,,,,,,,,
E07000034,Chesterfield,East Midlands,England," 48,100 ","3,039 ",1 ,0 ,0 ,0 ,0 ,2 ,2 ,0 ,0 ,0 ,0 ,"3,044 ",,,,,,,,,,,,,
E07000225,Chichester,South East,England," 54,100 ","5,298 ",2 ,3 ,1 ,0 ,0 ,0 ,0 ,0 ,0 ,1 ,0 ,"5,305 ",,,,,,,,,,,,,
E07000118,Chorley,North West,England," 50,100 ","4,172 ",6 ,0 ,0 ,0 ,0 ,0 ,4 ,0 ,0 ,0 ,0 ,"4,182 ",,,,,,,,,,,,,
S12000036,City of Edinburgh,Scotland,Scotland," 244,791 ","9,527 ",4 ,2 ,1 ,0 ,0 ,3 ,1 ,0 ,0 ,0 ,0 ,"9,538 ",,,,,,,,,,,,,
E09000001,City of London,London,England," 4,900 ",66 ,0 ,0 ,0 ,0 ,0 ,0 ,0 ,0 ,0 ,0 ,0 ,66 ,,,,,,,,,,,,,
S12000005,Clackmannanshire,Scotland,Scotland," 24,438 ","1,766 ",3 ,1 ,1 ,0 ,0 ,0 ,0 ,0 ,0 ,0 ,0 ,"1,771 ",,,,,,,,,,,,,
E07000071,Colchester,Eastern,England," 79,700 ","8,166 ",8 ,1 ,1 ,0 ,0 ,1 ,4 ,0 ,0 ,1 ,0 ,"8,182 ",,,,,,,,,,,,,
W06000003,Conwy,Wales,Wales," 52,200 ","3,780 ",40 ,28 ,0 ,2 ,0 ,1 ,1 ,0 ,0 ,5 ,0 ,"3,857 ",,,,,,,,,,,,,
E06000052,Cornwall,South West,England," 250,500 ","31,024 ",433 ,17 ,7 ,0 ,0 ,3 ,5 ,1 ,0 ,3 ,0 ,"31,493 ",,,,,,,,,,,,,
E07000079,Cotswold,South West,England," 40,600 ","2,692 ",8 ,2 ,3 ,0 ,0 ,0 ,0 ,0 ,0 ,1 ,0 ,"2,706 ",,,,,,,,,,,,,
E06000047,County Durham,North East,England," 234,800 ","14,001 ",96 ,8 ,5 ,0 ,0 ,3 ,6 ,0 ,0 ,5 ,0 ,"14,124 ",,,,,,,,,,,,,
E08000026,Coventry,West Midlands,England," 134,100 ","4,874 ",0 ,0 ,0 ,0 ,0 ,0 ,0 ,1 ,0 ,0 ,0 ,"4,875 ",,,,,,,,,,,,,
E07000226,Crawley,South East,England," 45,500 ","2,161 ",1 ,0 ,0 ,0 ,0 ,1 ,0 ,0 ,0 ,0 ,0 ,"2,163 ",,,,,,,,,,,,,
E09000008,Croydon,London,England," 152,900 ","4,847 ",1 ,0 ,0 ,0 ,0 ,1 ,0 ,0 ,0 ,0 ,0 ,"4,849 ",,,,,,,,,,,,,
E06000063 ,Cumberland,North West,England," 125,500 ","7,273 ",168 ,21 ,19 ,0 ,0 ,0 ,3 ,0 ,0 ,5 ,0 ,"7,489 ",,,,,,,,,,,,,
E07000096,Dacorum,Eastern,England," 63,400 ","3,134 ",3 ,0 ,0 ,0 ,0 ,0 ,0 ,0 ,0 ,0 ,0 ,"3,137 ",,,,,,,,,,,,,
E06000005,Darlington,North East,England," 48,900 ","2,660 ",9 ,0 ,1 ,0 ,0 ,1 ,0 ,0 ,0 ,0 ,0 ,"2,671 ",,,,,,,,,,,,,
E07000107,Dartford,South East,England," 45,700 ","2,128 ",0 ,0 ,0 ,0 ,0 ,1 ,3 ,0 ,0 ,0 ,0 ,"2,132 ",,,,,,,,,,,,,
W06000004,Denbighshire / Sir Ddinbych,Wales,Wales," 42,400 ","4,386 ",38 ,18 ,2 ,1 ,0 ,1 ,0 ,0 ,0 ,6 ,0 ,"4,452 ",,,,,,,,,,,,,
E06000015,Derby,East Midlands,England," 105,700 ","6,264 ",3 ,1 ,0 ,0 ,0 ,1 ,0 ,1 ,0 ,1 ,0 ,"6,271 ",,,,,,,,,,,,,
E07000035,Derbyshire Dales,East Midlands,England," 32,300 ","3,111 ",20 ,11 ,1 ,0 ,0 ,0 ,1 ,0 ,0 ,1 ,0 ,"3,145 ",,,,,,,,,,,,,
E08000017,Doncaster,Yorkshire and Humber,England," 133,500 ","9,593 ",10 ,0 ,3 ,0 ,0 ,1 ,8 ,1 ,0 ,1 ,0 ,"9,617 ",,,,,,,,,,,,,
E06000059,Dorset,South West,England," 169,300 ","15,744 ",26 ,11 ,14 ,0 ,0 ,0 ,3 ,0 ,0 ,0 ,0 ,"15,798 ",,,,,,,,,,,,,
E07000108,Dover,South East,England," 50,500 ","3,017 ",4 ,0 ,2 ,1 ,0 ,1 ,0 ,0 ,0 ,3 ,0 ,"3,028 ",,,,,,,,,,,,,
E08000027,Dudley,West Midlands,England," 137,100 ","4,259 ",0 ,0 ,0 ,0 ,0 ,0 ,1 ,1 ,0 ,0 ,0 ,"4,261 ",,,,,,,,,,,,,
S12000006,Dumfries and Galloway,Scotland,Scotland," 70,972 ","7,308 ",318 ,84 ,19 ,2 ,0 ,0 ,1 ,1 ,0 ,18 ,0 ,"7,751 ",,,,,,,,,,,,,
S12000042,Dundee City,Scotland,Scotland," 71,098 ","2,881 ",4 ,1 ,0 ,0 ,0 ,0 ,0 ,1 ,0 ,1 ,0 ,"2,888 ",,,,,,,,,,,,,
E09000009,Ealing,London,England," 133,700 ","3,350 ",2 ,0 ,0 ,0 ,0 ,0 ,0 ,0 ,0 ,1 ,0 ,"3,353 ",,,,,,,,,,,,,
S12000008,East Ayrshire,Scotland,Scotland," 56,162 ","3,768 ",76 ,6 ,0 ,0 ,0 ,1 ,2 ,0 ,0 ,1 ,0 ,"3,854 ",,,,,,,,,,,,,
E07000009,East Cambridgeshire,Eastern,England," 37,200 ","3,740 ",7 ,0 ,4 ,0 ,0 ,0 ,2 ,0 ,0 ,3 ,0 ,"3,756 ",,,,,,,,,,,,,
E07000040,East Devon,South West,England," 66,800 ","7,414 ",14 ,2 ,5 ,0 ,0 ,1 ,0 ,0 ,0 ,2 ,0 ,"7,438 ",,,,,,,,,,,,,
S12000045,East Dunbartonshire,Scotland,Scotland," 46,743 ","1,911 ",1 ,0 ,1 ,0 ,0 ,0 ,0 ,0 ,0 ,0 ,0 ,"1,913 ",,,,,,,,,,,,,
E07000085,East Hampshire,South East,England," 52,700 ","6,529 ",2 ,0 ,0 ,0 ,0 ,0 ,0 ,0 ,0 ,0 ,0 ,"6,531 ",,,,,,,,,,,,,
E07000242,East Hertfordshire,Eastern,England," 62,000 ","3,468 ",4 ,0 ,4 ,0 ,0 ,1 ,3 ,0 ,0 ,0 ,0 ,"3,480 ",,,,,,,,,,,,,
E07000137,East Lindsey,East Midlands,England," 64,800 ","6,757 ",28 ,0 ,10 ,2 ,0 ,0 ,3 ,0 ,0 ,0 ,0 ,"6,800 ",,,,,,,,,,,,,
S12000010,East Lothian,Scotland,Scotland," 50,562 ","6,352 ",49 ,2 ,0 ,2 ,0 ,0 ,1 ,1 ,0 ,1 ,0 ,"6,408 ",,,,,,,,,,,,,
S12000011,East Renfrewshire,Scotland,Scotland," 40,541 ","2,488 ",26 ,0 ,0 ,0 ,0 ,0 ,0 ,0 ,0 ,0 ,0 ,"2,514 ",,,,,,,,,,,,,
E06000011,East Riding of Yorkshire,Yorkshire and Humber,England," 152,100 ","10,677 ",198 ,0 ,17 ,2 ,0 ,3 ,5 ,0 ,0 ,11 ,0 ,"10,913 ",,,,,,,,,,,,,
E07000193,East Staffordshire,West Midlands,England," 51,300 ","2,790 ",9 ,3 ,1 ,0 ,0 ,2 ,1 ,0 ,0 ,1 ,0 ,"2,807 ",,,,,,,,,,,,,
E07000244,East Suffolk,Eastern,England," 110,700 ","10,827 ",99 ,0 ,7 ,3 ,0 ,0 ,2 ,0 ,0 ,2 ,0 ,"10,940 ",,,,,,,,,,,,,
E07000061,Eastbourne,South East,England," 45,600 ","1,962 ",0 ,0 ,0 ,0 ,0 ,0 ,0 ,0 ,0 ,0 ,0 ,"1,962 ",,,,,,,,,,,,,
E07000086,Eastleigh,South East,England," 56,900 ","7,486 ",1 ,0 ,1 ,0 ,0 ,0 ,3 ,0 ,0 ,0 ,0 ,"7,491 ",,,,,,,,,,,,,
E07000207,Elmbridge,South East,England," 55,600 ","2,302 ",0 ,0 ,0 ,0 ,0 ,0 ,0 ,0 ,0 ,0 ,0 ,"2,302 ",,,,,,,,,,,,,
E09000010,Enfield,London,England," 120,900 ","2,589 ",0 ,0 ,0 ,0 ,0 ,1 ,0 ,1 ,0 ,1 ,0 ,"2,592 ",,,,,,,,,,,,,
E07000072,Epping Forest,Eastern,England," 54,600 ","2,080 ",0 ,0 ,0 ,0 ,0 ,0 ,2 ,0 ,0 ,1 ,0 ,"2,083 ",,,,,,,,,,,,,
E07000208,Epsom and Ewell,South East,England," 31,300 ","1,162 ",0 ,0 ,0 ,0 ,0 ,0 ,0 ,0 ,0 ,0 ,0 ,"1,162 ",,,,,,,,,,,,,
E07000036,Erewash,East Midlands,England," 50,300 ","2,419 ",2 ,1 ,1 ,0 ,0 ,0 ,0 ,0 ,0 ,0 ,0 ,"2,423 ",,,,,,,,,,,,,
E07000041,Exeter,South West,England," 52,500 ","5,330 ",0 ,2 ,0 ,0 ,0 ,1 ,0 ,1 ,0 ,0 ,0 ,"5,334 ",,,,,,,,,,,,,
S12000014,Falkirk,Scotland,Scotland," 73,237 ","3,639 ",24 ,5 ,0 ,0 ,0 ,0 ,2 ,1 ,0 ,0 ,0 ,"3,671 ",,,,,,,,,,,,,
E07000087,Fareham,South East,England," 48,600 ","3,819 ",0 ,0 ,0 ,0 ,0 ,0 ,0 ,0 ,0 ,0 ,0 ,"3,819 ",,,,,,,,,,,,,
E07000010,Fenland,Eastern,England," 44,100 ","3,850 ",53 ,0 ,7 ,0 ,0 ,0 ,1 ,0 ,0 ,0 ,0 ,"3,911 ",,,,,,,,,,,,,
S12000047,Fife,Scotland,Scotland," 171,913 ","13,057 ",128 ,3 ,5 ,1 ,0 ,0 ,4 ,0 ,1 ,4 ,0 ,"13,203 ",,,,,,,,,,,,,
W06000005,Flintshire / Sir Y Fflint,Wales,Wales," 66,900 ","6,495 ",15 ,0 ,1 ,0 ,0 ,1 ,2 ,1 ,0 ,2 ,0 ,"6,517 ",,,,,,,,,,,,,
E07000112,Folkestone and Hythe,South East,England," 48,300 ","3,398 ",11 ,0 ,1 ,0 ,0 ,0 ,0 ,0 ,0 ,1 ,0 ,"3,411 ",,,,,,,,,,,,,
E07000080,Forest of Dean,South West,England," 37,200 ","4,443 ",10 ,3 ,7 ,0 ,0 ,0 ,0 ,0 ,0 ,0 ,0 ,"4,463 ",,,,,,,,,,,,,
E07000119,Fylde,North West,England," 37,600 ","1,506 ",3 ,0 ,3 ,0 ,0 ,0 ,1 ,0 ,0 ,0 ,0 ,"1,513 ",,,,,,,,,,,,,
E08000037,Gateshead,North East,England," 89,000 ","3,043 ",1 ,0 ,0 ,0 ,0 ,0 ,5 ,0 ,0 ,2 ,0 ,"3,051 ",,,,,,,,,,,,,
E07000173,Gedling,East Midlands,England," 51,600 ","2,932 ",5 ,1 ,4 ,0 ,0 ,1 ,3 ,0 ,0 ,1 ,0 ,"2,947 ",,,,,,,,,,,,,
S12000049,Glasgow City,Scotland,Scotland," 298,251 ","9,983 ",4 ,0 ,1 ,0 ,0 ,0 ,4 ,2 ,0 ,0 ,0 ,"9,994 ",,,,,,,,,,,,,
E07000081,Gloucester,South West,England," 55,400 ","2,929 ",1 ,0 ,1 ,0 ,0 ,1 ,1 ,0 ,0 ,0 ,0 ,"2,933 ",,,,,,,,,,,,,
E07000088,Gosport,South East,England," 35,900 ","2,013 ",0 ,0 ,0 ,0 ,0 ,0 ,0 ,0 ,0 ,0 ,0 ,"2,013 ",,,,,,,,,,,,,
E07000109,Gravesham,South East,England," 41,700 ","2,871 ",0 ,0 ,0 ,0 ,0 ,1 ,0 ,0 ,0 ,0 ,0 ,"2,872 ",,,,,,,,,,,,,
E07000145,Great Yarmouth,Eastern,England," 44,500 ","3,209 ",12 ,0 ,0 ,1 ,0 ,0 ,0 ,0 ,0 ,0 ,0 ,"3,222 ",,,,,,,,,,,,,
E09000011,Greenwich,London,England," 114,100 ","2,243 ",3 ,0 ,0 ,0 ,0 ,0 ,0 ,0 ,0 ,0 ,0 ,"2,246 ",,,,,,,,,,,,,
E07000209,Guildford,South East,England," 55,800 ","4,494 ",1 ,1 ,0 ,0 ,0 ,0 ,1 ,0 ,0 ,0 ,0 ,"4,497 ",,,,,,,,,,,,,
W06000002,Gwynedd,Wales,Wales," 51,100 ","5,457 ",32 ,120 ,1 ,0 ,0 ,1 ,2 ,0 ,0 ,1 ,0 ,"5,614 ",,,,,,,,,,,,,
E09000012,Hackney,London,England," 106,100 ","1,300 ",0 ,0 ,0 ,0 ,0 ,0 ,0 ,0 ,0 ,0 ,0 ,"1,300 ",,,,,,,,,,,,,
E06000006,Halton,North West,England," 56,000 ","2,237 ",3 ,0 ,0 ,0 ,0 ,1 ,0 ,2 ,1 ,2 ,0 ,"2,246 ",,,,,,,,,,,,,
E09000013,Hammersmith and Fulham,London,England," 81,200 ",704 ,0 ,0 ,0 ,0 ,0 ,0 ,0 ,0 ,0 ,0 ,0 ,704 ,,,,,,,,,,,,,
E07000131,Harborough,East Midlands,England," 40,400 ","3,017 ",27 ,0 ,2 ,0 ,0 ,0 ,2 ,0 ,0 ,2 ,0 ,"3,050 ",,,,,,,,,,,,,
E09000014,Haringey,London,England," 105,100 ","1,540 ",2 ,0 ,0 ,0 ,0 ,0 ,0 ,0 ,0 ,0 ,0 ,"1,542 ",,,,,,,,,,,,,
E07000073,Harlow,Eastern,England," 37,900 ","1,246 ",0 ,0 ,0 ,0 ,0 ,0 ,0 ,0 ,0 ,0 ,0 ,"1,246 ",,,,,,,,,,,,,
E09000015,Harrow,London,England," 89,600 ","2,212 ",0 ,0 ,0 ,0 ,0 ,0 ,0 ,0 ,0 ,0 ,0 ,"2,212 ",,,,,,,,,,,,,
E07000089,Hart,South East,England," 40,000 ","3,489 ",1 ,0 ,0 ,0 ,0 ,0 ,1 ,0 ,0 ,1 ,0 ,"3,492 ",,,,,,,,,,,,,
E06000001,Hartlepool,North East,England," 40,900 ","2,581 ",6 ,0 ,1 ,0 ,0 ,0 ,1 ,0 ,0 ,2 ,0 ,"2,591 ",,,,,,,,,,,,,
E07000062,Hastings,South East,England," 40,500 ","1,489 ",0 ,0 ,0 ,0 ,0 ,1 ,1 ,0 ,0 ,0 ,0 ,"1,491 ",,,,,,,,,,,,,
E07000090,Havant,South East,England," 53,600 ","3,469 ",0 ,0 ,0 ,0 ,0 ,1 ,1 ,0 ,0 ,0 ,0 ,"3,471 ",,,,,,,,,,,,,
E09000016,Havering,London,England," 101,300 ","3,704 ",4 ,0 ,0 ,0 ,0 ,1 ,3 ,0 ,0 ,1 ,0 ,"3,713 ",,,,,,,,,,,,,
E06000019,"Herefordshire, County of",West Midlands,England," 82,800 ","9,105 ",26 ,6 ,20 ,0 ,0 ,0 ,0 ,0 ,0 ,18 ,0 ,"9,175 ",,,,,,,,,,,,,
E07000098,Hertsmere,Eastern,England," 42,700 ","1,233 ",0 ,0 ,1 ,0 ,0 ,0 ,0 ,0 ,0 ,0 ,0 ,"1,234 ",,,,,,,,,,,,,
E07000037,High Peak,East Midlands,England," 40,800 ","1,805 ",2 ,8 ,0 ,0 ,0 ,0 ,1 ,0 ,0 ,0 ,0 ,"1,816 ",,,,,,,,,,,,,
S12000017,Highland,Scotland,Scotland," 113,906 ","11,700 ",275 ,309 ,5 ,0 ,1 ,1 ,2 ,0 ,0 ,9 ,0 ,"12,302 ",,,,,,,,,,,,,
E09000017,Hillingdon,London,England," 109,200 ","2,491 ",3 ,0 ,0 ,0 ,0 ,0 ,1 ,0 ,0 ,1 ,0 ,"2,496 ",,,,,,,,,,,,,
E07000132,Hinckley and Bosworth,East Midlands,England," 49,400 ","3,273 ",17 ,0 ,0 ,0 ,0 ,1 ,1 ,0 ,0 ,0 ,0 ,"3,292 ",,,,,,,,,,,,,
E07000227,Horsham,South East,England," 62,400 ","4,655 ",2 ,0 ,2 ,0 ,0 ,0 ,5 ,0 ,0 ,0 ,0 ,"4,664 ",,,,,,,,,,,,,
E09000018,Hounslow,London,England," 103,000 ","2,446 ",3 ,0 ,0 ,0 ,0 ,1 ,0 ,0 ,0 ,1 ,0 ,"2,451 ",,,,,,,,,,,,,
E07000011,Huntingdonshire,Eastern,England," 76,900 ","6,062 ",35 ,2 ,2 ,0 ,0 ,0 ,5 ,0 ,0 ,2 ,0 ,"6,108 ",,,,,,,,,,,,,
E07000120,Hyndburn,North West,England," 34,800 ","1,008 ",9 ,0 ,0 ,0 ,0 ,0 ,1 ,0 ,0 ,1 ,0 ,"1,019 ",,,,,,,,,,,,,
S12000018,Inverclyde,Scotland,Scotland," 37,615 ","1,548 ",20 ,2 ,0 ,0 ,0 ,0 ,0 ,0 ,0 ,0 ,0 ,"1,570 ",,,,,,,,,,,,,
E07000202,Ipswich,Eastern,England," 59,500 ","3,592 ",0 ,0 ,0 ,0 ,0 ,1 ,1 ,0 ,0 ,1 ,0 ,"3,595 ",,,,,,,,,,,,,
W06000001,Isle of Anglesey / Ynys Môn,Wales,Wales," 30,800 ","5,676 ",37 ,0 ,1 ,0 ,0 ,0 ,1 ,0 ,0 ,1 ,0 ,"5,716 ",,,,,,,,,,,,,
E06000046,Isle of Wight,South East,England," 64,800 ","5,108 ",3 ,0 ,2 ,0 ,0 ,1 ,1 ,0 ,0 ,1 ,0 ,"5,116 ",,,,,,,,,,,,,
E06000053,Isles of Scilly,South West,England, 900 ,88 ,0 ,0 ,0 ,0 ,0 ,0 ,0 ,0 ,0 ,0 ,0 ,88 ,,,,,,,,,,,,,
E09000019,Islington,London,England," 96,500 ","1,028 ",1 ,0 ,0 ,0 ,0 ,0 ,0 ,0 ,0 ,1 ,0 ,"1,030 ",,,,,,,,,,,,,
E09000020,Kensington and Chelsea,London,England," 66,900 ",357 ,1 ,0 ,0 ,0 ,0 ,0 ,0 ,0 ,0 ,0 ,0 ,358 ,,,,,,,,,,,,,
E07000146,King's Lynn and West Norfolk,Eastern,England," 67,500 ","5,703 ",159 ,0 ,3 ,1 ,0 ,2 ,3 ,0 ,0 ,4 ,0 ,"5,875 ",,,,,,,,,,,,,
E06000010,"Kingston Upon Hull, City of",Yorkshire and Humber,England," 115,500 ","3,772 ",6 ,0 ,1 ,0 ,0 ,1 ,0 ,0 ,0 ,3 ,0 ,"3,783 ",,,,,,,,,,,,,
E09000021,Kingston Upon Thames,London,England," 65,600 ","1,837 ",0 ,0 ,0 ,0 ,0 ,1 ,0 ,0 ,0 ,0 ,0 ,"1,838 ",,,,,,,,,,,,,
E08000034,Kirklees,Yorkshire and Humber,England," 178,000 ","9,002 ",89 ,1 ,2 ,0 ,0 ,0 ,0 ,1 ,0 ,1 ,0 ,"9,096 ",,,,,,,,,,,,,
E08000011,Knowsley,North West,England," 66,100 ","4,854 ",3 ,0 ,0 ,0 ,0 ,1 ,0 ,0 ,0 ,1 ,0 ,"4,859 ",,,,,,,,,,,,,
E09000022,Lambeth,London,England," 134,700 ","1,869 ",0 ,0 ,0 ,0 ,0 ,0 ,0 ,0 ,0 ,0 ,0 ,"1,869 ",,,,,,,,,,,,,
E07000121,Lancaster,North West,England," 60,000 ","2,658 ",24 ,3 ,3 ,6 ,0 ,1 ,2 ,0 ,0 ,0 ,0 ,"2,697 ",,,,,,,,,,,,,
E08000035,Leeds,Yorkshire and Humber,England," 341,500 ","13,417 ",29 ,3 ,3 ,0 ,0 ,0 ,5 ,2 ,0 ,2 ,0 ,"13,461 ",,,,,,,,,,,,,
E06000016,Leicester,East Midlands,England," 127,400 ","7,558 ",4 ,0 ,1 ,0 ,0 ,0 ,0 ,0 ,0 ,2 ,0 ,"7,565 ",,,,,,,,,,,,,
E07000063,Lewes,South East,England," 43,700 ","4,033 ",2 ,0 ,0 ,0 ,0 ,1 ,2 ,1 ,0 ,0 ,0 ,"4,039 ",,,,,,,,,,,,,
E09000023,Lewisham,London,England," 122,400 ","2,115 ",0 ,0 ,0 ,0 ,0 ,0 ,0 ,1 ,0 ,0 ,0 ,"2,116 ",,,,,,,,,,,,,
E07000194,Lichfield,West Midlands,England," 45,600 ","2,278 ",8 ,1 ,1 ,0 ,0 ,0 ,0 ,0 ,0 ,0 ,0 ,"2,288 ",,,,,,,,,,,,,
E07000138,Lincoln,East Midlands,England," 42,500 ","1,892 ",0 ,0 ,0 ,0 ,0 ,0 ,0 ,0 ,0 ,0 ,0 ,"1,892 ",,,,,,,,,,,,,
E08000012,Liverpool,North West,England," 207,500 ","6,990 ",5 ,0 ,1 ,0 ,0 ,1 ,0 ,0 ,0 ,1 ,0 ,"6,998 ",,,,,,,,,,,,,
E06000032,Luton,Eastern,England," 78,900 ","2,658 ",2 ,0 ,0 ,0 ,0 ,0 ,0 ,0 ,0 ,0 ,0 ,"2,660 ",,,,,,,,,,,,,
E07000110,Maidstone,South East,England," 71,200 ","5,264 ",3 ,1 ,2 ,0 ,0 ,0 ,0 ,1 ,0 ,0 ,0 ,"5,271 ",,,,,,,,,,,,,
E07000074,Maldon,Eastern,England," 27,900 ","2,673 ",23 ,0 ,0 ,0 ,0 ,0 ,0 ,0 ,0 ,0 ,0 ,"2,696 ",,,,,,,,,,,,,
E07000235,Malvern Hills,West Midlands,England," 34,900 ","4,144 ",0 ,1 ,2 ,0 ,0 ,0 ,1 ,0 ,0 ,1 ,0 ,"4,149 ",,,,,,,,,,,,,
E08000003,Manchester,North West,England," 214,700 ","10,493 ",1 ,0 ,3 ,0 ,0 ,0 ,0 ,0 ,0 ,3 ,0 ,"10,500 ",,,,,,,,,,,,,
E07000174,Mansfield,East Midlands,England," 48,000 ","2,542 ",0 ,0 ,1 ,0 ,0 ,1 ,0 ,0 ,0 ,0 ,0 ,"2,544 ",,,,,,,,,,,,,
E06000035,Medway,South East,England," 111,500 ","3,784 ",3 ,0 ,0 ,0 ,0 ,1 ,1 ,0 ,0 ,2 ,0 ,"3,791 ",,,,,,,,,,,,,
E07000133,Melton,East Midlands,England," 22,600 ","1,988 ",21 ,0 ,2 ,0 ,0 ,1 ,0 ,0 ,0 ,0 ,0 ,"2,012 ",,,,,,,,,,,,,
W06000024,Merthyr Tydfil / Merthyr Tudful,Wales,Wales," 25,800 ","1,285 ",7 ,2 ,1 ,0 ,0 ,0 ,0 ,0 ,0 ,1 ,0 ,"1,296 ",,,,,,,,,,,,,
E09000024,Merton,London,England," 81,700 ","2,191 ",1 ,0 ,2 ,0 ,0 ,0 ,0 ,0 ,0 ,0 ,0 ,"2,194 ",,,,,,,,,,,,,
E07000042,Mid Devon,South West,England," 35,600 ","6,134 ",37 ,2 ,10 ,0 ,0 ,1 ,1 ,0 ,0 ,1 ,0 ,"6,186 ",,,,,,,,,,,,,
E07000203,Mid Suffolk,Eastern,England," 44,300 ","5,982 ",68 ,0 ,3 ,0 ,0 ,0 ,4 ,1 ,1 ,0 ,0 ,"6,059 ",,,,,,,,,,,,,
E07000228,Mid Sussex,South East,England," 63,300 ","5,192 ",6 ,0 ,0 ,0 ,0 ,1 ,0 ,0 ,0 ,0 ,0 ,"5,199 ",,,,,,,,,,,,,
E06000002,Middlesbrough,North East,England," 60,300 ","2,400 ",8 ,0 ,1 ,0 ,0 ,0 ,0 ,0 ,0 ,0 ,0 ,"2,409 ",,,,,,,,,,,,,
S12000019,Midlothian,Scotland,Scotland," 42,739 ","5,109 ",16 ,2 ,1 ,0 ,0 ,0 ,3 ,1 ,0 ,0 ,0 ,"5,132 ",,,,,,,,,,,,,
E06000042,Milton Keynes,South East,England," 113,100 ","7,593 ",5 ,0 ,2 ,0 ,0 ,1 ,1 ,1 ,0 ,0 ,0 ,"7,603 ",,,,,,,,,,,,,
E07000210,Mole Valley,South East,England," 37,100 ","2,698 ",0 ,0 ,0 ,0 ,0 ,0 ,1 ,0 ,0 ,0 ,0 ,"2,699 ",,,,,,,,,,,,,
W06000021,Monmouthshire / Sir Fynwy,Wales,Wales," 40,900 ","5,386 ",10 ,11 ,1 ,0 ,0 ,1 ,0 ,0 ,0 ,3 ,0 ,"5,412 ",,,,,,,,,,,,,
S12000020,Moray,Scotland,Scotland," 44,291 ","4,407 ",75 ,4 ,7 ,2 ,0 ,0 ,1 ,0 ,0 ,2 ,0 ,"4,498 ",,,,,,,,,,,,,
S12000013,Na H-Eileanan Siar,Scotland,Scotland," 12,888 ",637 ,195 ,7 ,1 ,0 ,0 ,0 ,0 ,0 ,0 ,0 ,0 ,840 ,,,,,,,,,,,,,
W06000012,Neath Port Talbot / Castell-Nedd Port Talbot,Wales,Wales," 62,400 ","3,390 ",11 ,7 ,0 ,0 ,0 ,1 ,2 ,0 ,0 ,2 ,0 ,"3,413 ",,,,,,,,,,,,,
E07000091,New Forest,South East,England," 77,600 ","6,541 ",2 ,0 ,0 ,0 ,0 ,0 ,4 ,2 ,0 ,1 ,0 ,"6,550 ",,,,,,,,,,,,,
E07000175,Newark and Sherwood,East Midlands,England," 53,300 ","4,703 ",35 ,0 ,6 ,0 ,0 ,0 ,2 ,0 ,0 ,1 ,0 ,"4,747 ",,,,,,,,,,,,,
E08000021,Newcastle Upon Tyne,North East,England," 122,800 ","4,799 ",0 ,0 ,1 ,0 ,0 ,0 ,1 ,0 ,0 ,0 ,0 ,"4,801 ",,,,,,,,,,,,,
E07000195,Newcastle-Under-Lyme,West Midlands,England," 53,400 ","2,965 ",7 ,0 ,1 ,0 ,0 ,0 ,1 ,0 ,0 ,0 ,0 ,"2,974 ",,,,,,,,,,,,,
E09000025,Newham,London,England," 115,500 ","1,468 ",8 ,0 ,0 ,0 ,0 ,3 ,0 ,0 ,0 ,2 ,0 ,"1,481 ",,,,,,,,,,,,,
W06000022,Newport / Casnewydd,Wales,Wales," 66,100 ","3,538 ",11 ,0 ,0 ,0 ,0 ,0 ,1 ,0 ,0 ,7 ,0 ,"3,557 ",,,,,,,,,,,,,
S12000021,North Ayrshire,Scotland,Scotland," 65,107 ","6,225 ",37 ,14 ,2 ,0 ,0 ,0 ,2 ,0 ,0 ,1 ,0 ,"6,281 ",,,,,,,,,,,,,
E07000043,North Devon,South West,England," 43,200 ","5,758 ",47 ,2 ,2 ,0 ,0 ,0 ,0 ,0 ,0 ,0 ,0 ,"5,809 ",,,,,,,,,,,,,
E07000038,North East Derbyshire,East Midlands,England," 46,000 ","2,936 ",19 ,0 ,1 ,0 ,0 ,0 ,0 ,0 ,0 ,1 ,0 ,"2,957 ",,,,,,,,,,,,,
E06000012,North East Lincolnshire,Yorkshire and Humber,England," 69,800 ","3,348 ",4 ,0 ,0 ,3 ,1 ,2 ,2 ,1 ,0 ,0 ,0 ,"3,361 ",,,,,,,,,,,,,
E07000099,North Hertfordshire,Eastern,England," 56,700 ","3,740 ",0 ,0 ,1 ,0 ,0 ,0 ,2 ,0 ,0 ,0 ,0 ,"3,743 ",,,,,,,,,,,,,
E07000139,North Kesteven,East Midlands,England," 51,000 ","5,132 ",9 ,0 ,7 ,0 ,0 ,0 ,2 ,1 ,0 ,1 ,0 ,"5,152 ",,,,,,,,,,,,,
S12000050,North Lanarkshire,Scotland,Scotland," 153,004 ","11,699 ",34 ,2 ,2 ,0 ,0 ,0 ,8 ,0 ,0 ,1 ,0 ,"11,746 ",,,,,,,,,,,,,
E06000013,North Lincolnshire,Yorkshire and Humber,England," 73,200 ","7,908 ",33 ,0 ,9 ,0 ,0 ,1 ,3 ,0 ,1 ,1 ,0 ,"7,956 ",,,,,,,,,,,,,
E07000147,North Norfolk,Eastern,England," 48,400 ","5,068 ",21 ,1 ,6 ,2 ,0 ,0 ,1 ,0 ,0 ,0 ,0 ,"5,099 ",,,,,,,,,,,,,
E06000061,North Northamptonshire,East Midlands,England," 148,900 ","9,839 ",20 ,2 ,6 ,0 ,0 ,0 ,5 ,0 ,0 ,2 ,0 ,"9,874 ",,,,,,,,,,,,,
E06000024,North Somerset,South West,England," 94,600 ","12,108 ",7 ,2 ,2 ,0 ,0 ,0 ,1 ,0 ,0 ,0 ,0 ,"12,120 ",,,,,,,,,,,,,
E08000022,North Tyneside,North East,England," 96,200 ","5,899 ",1 ,0 ,2 ,0 ,0 ,0 ,0 ,0 ,0 ,0 ,0 ,"5,902 ",,,,,,,,,,,,,
E07000218,North Warwickshire,West Midlands,England," 27,600 ","1,465 ",1 ,0 ,4 ,0 ,0 ,1 ,1 ,0 ,0 ,1 ,0 ,"1,473 ",,,,,,,,,,,,,
E07000134,North West Leicestershire,East Midlands,England," 45,000 ","3,041 ",11 ,0 ,2 ,0 ,0 ,0 ,2 ,0 ,0 ,0 ,0 ,"3,056 ",,,,,,,,,,,,,
E06000065,North Yorkshire,Yorkshire and Humber,England," 274,400 ","22,983 ",230 ,35 ,18 ,0 ,0 ,5 ,9 ,1 ,0 ,16 ,0 ,"23,297 ",,,,,,,,,,,,,
E06000057,Northumberland,North East,England," 146,900 ","12,908 ",129 ,8 ,4 ,1 ,0 ,1 ,3 ,0 ,0 ,5 ,0 ,"13,059 ",,,,,,,,,,,,,
E07000148,Norwich,Eastern,England," 64,500 ","2,793 ",0 ,0 ,0 ,0 ,0 ,0 ,0 ,0 ,0 ,1 ,0 ,"2,794 ",,,,,,,,,,,,,
E06000018,Nottingham,East Midlands,England," 124,800 ","9,812 ",1 ,1 ,0 ,0 ,0 ,0 ,0 ,1 ,0 ,4 ,0 ,"9,819 ",,,,,,,,,,,,,
E07000219,Nuneaton and Bedworth,West Midlands,England," 56,600 ","2,361 ",0 ,0 ,0 ,0 ,0 ,0 ,2 ,0 ,0 ,0 ,0 ,"2,363 ",,,,,,,,,,,,,
E07000135,Oadby and Wigston,East Midlands,England," 22,600 ","1,396 ",1 ,0 ,0 ,0 ,0 ,0 ,0 ,0 ,0 ,0 ,0 ,"1,397 ",,,,,,,,,,,,,
E08000004,Oldham,North West,England," 93,100 ","3,251 ",10 ,1 ,0 ,0 ,0 ,1 ,3 ,0 ,0 ,6 ,0 ,"3,272 ",,,,,,,,,,,,,
S12000023,Orkney Islands,Scotland,Scotland," 10,887 ",634 ,803 ,1 ,0 ,0 ,14 ,0 ,0 ,0 ,0 ,0 ,0 ,"1,452 ",,,,,,,,,,,,,
E07000178,Oxford,South East,England," 55,200 ","2,796 ",2 ,2 ,0 ,0 ,0 ,0 ,0 ,0 ,0 ,0 ,0 ,"2,800 ",,,,,,,,,,,,,
W06000009,Pembrokeshire / Sir Benfro,Wales,Wales," 55,500 ","8,007 ",152 ,13 ,1 ,0 ,1 ,1 ,1 ,0 ,0 ,3 ,0 ,"8,179 ",,,,,,,,,,,,,
E07000122,Pendle,North West,England," 38,100 ","2,091 ",17 ,0 ,0 ,0 ,0 ,1 ,0 ,0 ,0 ,0 ,0 ,"2,109 ",,,,,,,,,,,,,
S12000048,Perth and Kinross,Scotland,Scotland," 71,441 ","8,252 ",94 ,90 ,3 ,0 ,0 ,0 ,1 ,0 ,0 ,3 ,0 ,"8,443 ",,,,,,,,,,,,,
E06000031,Peterborough,Eastern,England," 84,500 ","11,454 ",4 ,0 ,0 ,0 ,0 ,0 ,3 ,1 ,0 ,0 ,0 ,"11,462 ",,,,,,,,,,,,,
E06000026,Plymouth,South West,England," 114,600 ","9,190 ",2 ,1 ,0 ,0 ,0 ,1 ,3 ,1 ,0 ,2 ,0 ,"9,200 ",,,,,,,,,,,,,
E06000044,Portsmouth,South East,England," 86,200 ","2,811 ",0 ,0 ,0 ,0 ,0 ,0 ,2 ,1 ,0 ,0 ,0 ,"2,814 ",,,,,,,,,,,,,
W06000023,Powys,Wales,Wales," 60,200 ","9,011 ",126 ,78 ,10 ,0 ,0 ,1 ,1 ,0 ,0 ,10 ,0 ,"9,237 ",,,,,,,,,,,,,
E07000123,Preston,North West,England," 59,600 ","5,501 ",4 ,1 ,0 ,0 ,0 ,0 ,0 ,1 ,0 ,0 ,0 ,"5,507 ",,,,,,,,,,,,,
E06000038,Reading,South East,England," 67,700 ","3,051 ",0 ,0 ,0 ,0 ,0 ,1 ,2 ,0 ,0 ,0 ,0 ,"3,054 ",,,,,,,,,,,,,
E09000026,Redbridge,London,England," 103,700 ","2,088 ",0 ,0 ,0 ,0 ,0 ,0 ,0 ,0 ,0 ,0 ,0 ,"2,088 ",,,,,,,,,,,,,
E06000003,Redcar and Cleveland,North East,England," 61,600 ","3,392 ",11 ,0 ,4 ,1 ,0 ,1 ,2 ,1 ,0 ,1 ,0 ,"3,413 ",,,,,,,,,,,,,
E07000236,Redditch,West Midlands,England," 36,400 ","1,614 ",0 ,0 ,0 ,0 ,0 ,0 ,0 ,0 ,0 ,0 ,0 ,"1,614 ",,,,,,,,,,,,,
E07000211,Reigate and Banstead,South East,England," 59,800 ","4,223 ",0 ,0 ,0 ,0 ,0 ,0 ,2 ,0 ,0 ,0 ,0 ,"4,225 ",,,,,,,,,,,,,
S12000038,Renfrewshire,Scotland,Scotland," 87,749 ","5,724 ",4 ,0 ,0 ,0 ,0 ,0 ,0 ,0 ,0 ,2 ,0 ,"5,730 ",,,,,,,,,,,,,
W06000016,Rhondda Cynon Taf,Wales,Wales," 103,300 ","5,940 ",15 ,4 ,1 ,0 ,0 ,0 ,2 ,1 ,0 ,0 ,0 ,"5,963 ",,,,,,,,,,,,,
E07000124,Ribble Valley,North West,England," 26,700 ","1,618 ",19 ,2 ,3 ,0 ,0 ,0 ,0 ,0 ,0 ,1 ,0 ,"1,643 ",,,,,,,,,,,,,
E09000027,Richmond Upon Thames,London,England," 80,700 ","2,342 ",0 ,0 ,0 ,0 ,0 ,0 ,0 ,0 ,0 ,0 ,0 ,"2,342 ",,,,,,,,,,,,,
E08000005,Rochdale,North West,England," 90,200 ","3,512 ",16 ,1 ,0 ,0 ,0 ,0 ,0 ,0 ,0 ,1 ,0 ,"3,530 ",,,,,,,,,,,,,
E07000075,Rochford,Eastern,England," 35,600 ","2,556 ",0 ,0 ,0 ,0 ,0 ,0 ,1 ,0 ,0 ,0 ,0 ,"2,557 ",,,,,,,,,,,,,
E07000125,Rossendale,North West,England," 30,600 ","1,757 ",39 ,0 ,0 ,0 ,0 ,0 ,1 ,0 ,0 ,0 ,0 ,"1,797 ",,,,,,,,,,,,,
E07000064,Rother,South East,England," 42,100 ","3,083 ",1 ,0 ,0 ,0 ,0 ,0 ,0 ,0 ,0 ,0 ,0 ,"3,084 ",,,,,,,,,,,,,
E08000018,Rotherham,Yorkshire and Humber,England," 113,900 ","7,638 ",6 ,2 ,2 ,0 ,0 ,2 ,1 ,0 ,0 ,1 ,0 ,"7,652 ",,,,,,,,,,,,,
E07000220,Rugby,West Midlands,England," 47,000 ","2,956 ",4 ,0 ,2 ,0 ,0 ,1 ,2 ,0 ,0 ,4 ,0 ,"2,969 ",,,,,,,,,,,,,
E07000212,Runnymede,South East,England," 34,800 ","1,870 ",0 ,0 ,1 ,0 ,0 ,1 ,2 ,0 ,0 ,0 ,0 ,"1,874 ",,,,,,,,,,,,,
E07000176,Rushcliffe,East Midlands,England," 49,900 ","4,070 ",4 ,0 ,2 ,0 ,0 ,0 ,0 ,0 ,0 ,2 ,0 ,"4,078 ",,,,,,,,,,,,,
E07000092,Rushmoor,South East,England," 39,300 ","1,738 ",0 ,0 ,0 ,0 ,0 ,0 ,0 ,0 ,0 ,0 ,0 ,"1,738 ",,,,,,,,,,,,,
E06000017,Rutland,East Midlands,England," 16,700 ","1,755 ",5 ,0 ,1 ,0 ,0 ,0 ,0 ,0 ,0 ,0 ,0 ,"1,761 ",,,,,,,,,,,,,
E08000006,Salford,North West,England," 115,100 ","4,819 ",1 ,1 ,2 ,0 ,0 ,0 ,1 ,0 ,0 ,0 ,0 ,"4,824 ",,,,,,,,,,,,,
E08000028,Sandwell,West Midlands,England," 130,200 ","3,544 ",2 ,0 ,0 ,0 ,0 ,0 ,1 ,2 ,0 ,1 ,0 ,"3,550 ",,,,,,,,,,,,,
S12000026,Scottish Borders,Scotland,Scotland," 56,085 ","6,503 ",134 ,11 ,5 ,0 ,0 ,1 ,1 ,0 ,0 ,4 ,0 ,"6,659 ",,,,,,,,,,,,,
E08000014,Sefton,North West,England," 123,100 ","3,364 ",7 ,0 ,0 ,0 ,0 ,1 ,0 ,0 ,0 ,2 ,0 ,"3,374 ",,,,,,,,,,,,,
E07000111,Sevenoaks,South East,England," 49,000 ","3,072 ",2 ,0 ,1 ,0 ,0 ,0 ,1 ,0 ,0 ,0 ,0 ,"3,076 ",,,,,,,,,,,,,
E08000019,Sheffield,Yorkshire and Humber,England," 232,000 ","9,699 ",10 ,4 ,1 ,0 ,0 ,1 ,3 ,1 ,0 ,8 ,0 ,"9,727 ",,,,,,,,,,,,,
S12000027,Shetland Islands,Scotland,Scotland," 10,763 ",327 ,251 ,2 ,0 ,0 ,2 ,0 ,0 ,0 ,0 ,0 ,0 ,582 ,,,,,,,,,,,,,
E06000051,Shropshire,West Midlands,England," 139,600 ","11,793 ",73 ,5 ,37 ,0 ,0 ,2 ,2 ,1 ,0 ,10 ,0 ,"11,923 ",,,,,,,,,,,,,
E06000039,Slough,South East,England," 52,400 ","1,441 ",0 ,0 ,0 ,0 ,0 ,1 ,1 ,2 ,0 ,2 ,0 ,"1,447 ",,,,,,,,,,,,,
E08000029,Solihull,West Midlands,England," 89,500 ","3,031 ",0 ,0 ,0 ,0 ,0 ,1 ,0 ,0 ,0 ,0 ,0 ,"3,032 ",,,,,,,,,,,,,
"	E06000066",Somerset,South West,England," 250,100 ","24,603 ",65 ,26 ,21 ,0 ,0 ,1 ,6 ,0 ,0 ,31 ,0 ,"24,753 ",,,,,,,,,,,,,
S12000028,South Ayrshire,Scotland,Scotland," 53,129 ","2,994 ",52 ,6 ,3 ,0 ,0 ,0 ,1 ,0 ,0 ,5 ,0 ,"3,061 ",,,,,,,,,,,,,
E07000012,South Cambridgeshire,Eastern,England," 67,000 ","11,862 ",13 ,0 ,1 ,0 ,0 ,0 ,3 ,0 ,0 ,0 ,0 ,"11,879 ",,,,,,,,,,,,,
E07000039,South Derbyshire,East Midlands,England," 45,200 ","2,981 ",13 ,0 ,1 ,0 ,0 ,0 ,1 ,0 ,0 ,0 ,0 ,"2,996 ",,,,,,,,,,,,,
E06000025,South Gloucestershire,South West,England," 118,100 ","9,102 ",13 ,1 ,0 ,0 ,0 ,0 ,3 ,1 ,0 ,2 ,0 ,"9,122 ",,,,,,,,,,,,,
E07000044,South Hams,South West,England," 39,300 ","7,052 ",46 ,17 ,1 ,0 ,0 ,1 ,0 ,0 ,0 ,0 ,0 ,"7,117 ",,,,,,,,,,,,,
E07000140,South Holland,East Midlands,England," 40,700 ","4,088 ",32 ,0 ,3 ,1 ,0 ,0 ,0 ,0 ,0 ,1 ,0 ,"4,125 ",,,,,,,,,,,,,
E07000141,South Kesteven,East Midlands,England," 62,800 ","4,860 ",13 ,0 ,6 ,0 ,0 ,0 ,1 ,0 ,0 ,3 ,0 ,"4,883 ",,,,,,,,,,,,,
S12000029,South Lanarkshire,Scotland,Scotland," 150,643 ","11,211 ",202 ,13 ,2 ,0 ,0 ,0 ,2 ,0 ,0 ,4 ,0 ,"11,434 ",,,,,,,,,,,,,
E07000149,South Norfolk,Eastern,England," 61,400 ","8,386 ",75 ,1 ,4 ,0 ,0 ,1 ,2 ,0 ,0 ,3 ,0 ,"8,472 ",,,,,,,,,,,,,
E07000179,South Oxfordshire,South East,England," 61,500 ","4,742 ",0 ,3 ,3 ,0 ,0 ,1 ,0 ,0 ,0 ,0 ,0 ,"4,749 ",,,,,,,,,,,,,
E07000126,South Ribble,North West,England," 48,600 ","3,164 ",4 ,2 ,1 ,0 ,0 ,2 ,0 ,0 ,0 ,0 ,0 ,"3,173 ",,,,,,,,,,,,,
E07000196,South Staffordshire,West Midlands,England," 46,100 ","2,123 ",3 ,0 ,2 ,0 ,0 ,2 ,1 ,1 ,0 ,2 ,0 ,"2,134 ",,,,,,,,,,,,,
E08000023,South Tyneside,North East,England," 68,300 ","3,313 ",4 ,0 ,0 ,0 ,0 ,1 ,0 ,0 ,0 ,1 ,0 ,"3,319 ",,,,,,,,,,,,,
E06000045,Southampton,South East,England," 102,300 ","4,745 ",0 ,0 ,0 ,0 ,0 ,1 ,0 ,0 ,0 ,0 ,0 ,"4,746 ",,,,,,,,,,,,,
E06000033,Southend-On-Sea,Eastern,England," 78,300 ","2,672 ",0 ,0 ,0 ,0 ,0 ,0 ,0 ,0 ,0 ,0 ,0 ,"2,672 ",,,,,,,,,,,,,
E09000028,Southwark,London,England," 130,800 ","1,554 ",2 ,0 ,0 ,0 ,0 ,0 ,0 ,0 ,0 ,1 ,0 ,"1,557 ",,,,,,,,,,,,,
E07000213,Spelthorne,South East,England," 41,800 ","1,843 ",0 ,0 ,2 ,0 ,0 ,0 ,0 ,0 ,0 ,0 ,0 ,"1,845 ",,,,,,,,,,,,,
E07000240,St Albans,Eastern,England," 59,000 ","3,561 ",5 ,0 ,0 ,0 ,0 ,0 ,0 ,0 ,0 ,0 ,0 ,"3,566 ",,,,,,,,,,,,,
E08000013,St. Helens,North West,England," 81,000 ","3,301 ",3 ,0 ,0 ,0 ,0 ,1 ,4 ,0 ,0 ,1 ,0 ,"3,310 ",,,,,,,,,,,,,
E07000197,Stafford,West Midlands,England," 60,000 ","4,135 ",12 ,1 ,4 ,0 ,0 ,1 ,1 ,0 ,0 ,1 ,0 ,"4,155 ",,,,,,,,,,,,,
E07000198,Staffordshire Moorlands,West Midlands,England," 42,400 ","2,571 ",20 ,2 ,2 ,0 ,0 ,0 ,0 ,0 ,0 ,3 ,0 ,"2,598 ",,,,,,,,,,,,,
E07000243,Stevenage,Eastern,England," 36,500 ","1,676 ",0 ,0 ,0 ,0 ,0 ,0 ,0 ,0 ,0 ,0 ,0 ,"1,676 ",,,,,,,,,,,,,
S12000030,Stirling,Scotland,Scotland," 41,103 ","8,003 ",31 ,50 ,2 ,0 ,0 ,1 ,1 ,0 ,0 ,5 ,0 ,"8,093 ",,,,,,,,,,,,,
E08000007,Stockport,North West,England," 126,600 ","6,386 ",1 ,2 ,1 ,0 ,0 ,1 ,0 ,0 ,0 ,2 ,0 ,"6,393 ",,,,,,,,,,,,,
E06000004,Stockton-On-Tees,North East,England," 83,800 ","5,179 ",7 ,1 ,0 ,0 ,0 ,0 ,2 ,3 ,0 ,1 ,0 ,"5,193 ",,,,,,,,,,,,,
E06000021,Stoke-On-Trent,West Midlands,England," 110,400 ","9,919 ",1 ,0 ,0 ,0 ,0 ,1 ,0 ,1 ,0 ,0 ,0 ,"9,922 ",,,,,,,,,,,,,
E07000221,Stratford-On-Avon,West Midlands,England," 59,500 ","5,151 ",6 ,0 ,0 ,0 ,0 ,1 ,1 ,0 ,0 ,1 ,0 ,"5,160 ",,,,,,,,,,,,,
E07000082,Stroud,South West,England," 52,400 ","5,133 ",12 ,5 ,0 ,0 ,0 ,1 ,1 ,1 ,0 ,1 ,0 ,"5,154 ",,,,,,,,,,,,,
E08000024,Sunderland,North East,England," 122,200 ","10,920 ",11 ,0 ,0 ,0 ,0 ,0 ,1 ,0 ,0 ,0 ,0 ,"10,932 ",,,,,,,,,,,,,
E07000214,Surrey Heath,South East,England," 36,000 ","1,966 ",0 ,0 ,0 ,0 ,0 ,2 ,0 ,0 ,0 ,0 ,0 ,"1,968 ",,,,,,,,,,,,,
E09000029,Sutton,London,England," 82,300 ","2,438 ",0 ,0 ,0 ,0 ,0 ,1 ,1 ,1 ,0 ,0 ,0 ,"2,441 ",,,,,,,,,,,,,
E07000113,Swale,South East,England," 60,500 ","3,529 ",13 ,0 ,1 ,1 ,0 ,1 ,1 ,1 ,0 ,1 ,0 ,"3,548 ",,,,,,,,,,,,,
W06000011,Swansea / Abertawe,Wales,Wales," 105,000 ","5,329 ",6 ,1 ,0 ,0 ,0 ,2 ,1 ,0 ,0 ,0 ,0 ,"5,339 ",,,,,,,,,,,,,
E06000030,Swindon,South West,England," 95,900 ","5,751 ",0 ,0 ,1 ,0 ,0 ,1 ,1 ,0 ,0 ,0 ,0 ,"5,754 ",,,,,,,,,,,,,
E08000008,Tameside,North West,England," 99,500 ","5,060 ",0 ,0 ,0 ,0 ,0 ,1 ,0 ,0 ,0 ,7 ,0 ,"5,068 ",,,,,,,,,,,,,
E07000199,Tamworth,West Midlands,England," 32,900 ","1,300 ",0 ,0 ,0 ,0 ,0 ,0 ,1 ,0 ,0 ,0 ,0 ,"1,301 ",,,,,,,,,,,,,
E07000215,Tandridge,South East,England," 35,600 ","2,607 ",0 ,0 ,0 ,0 ,0 ,0 ,2 ,0 ,0 ,0 ,0 ,"2,609 ",,,,,,,,,,,,,
E07000045,Teignbridge,South West,England," 59,800 ","5,950 ",8 ,10 ,0 ,0 ,0 ,0 ,2 ,0 ,0 ,0 ,0 ,"5,970 ",,,,,,,,,,,,,
E06000020,Telford and Wrekin,West Midlands,England," 76,500 ","4,740 ",4 ,0 ,7 ,0 ,0 ,1 ,2 ,0 ,0 ,0 ,0 ,"4,754 ",,,,,,,,,,,,,
E07000076,Tendring,Eastern,England," 67,500 ","5,047 ",69 ,0 ,1 ,3 ,0 ,0 ,1 ,0 ,0 ,1 ,0 ,"5,122 ",,,,,,,,,,,,,
E07000093,Test Valley,South East,England," 54,700 ","4,119 ",3 ,1 ,1 ,0 ,0 ,1 ,1 ,0 ,0 ,0 ,0 ,"4,126 ",,,,,,,,,,,,,
E07000083,Tewkesbury,South West,England," 40,900 ","4,312 ",0 ,0 ,1 ,0 ,0 ,1 ,2 ,0 ,0 ,1 ,0 ,"4,317 ",,,,,,,,,,,,,
E07000114,Thanet,South East,England," 62,200 ","2,905 ",0 ,0 ,1 ,0 ,0 ,0 ,0 ,0 ,0 ,0 ,0 ,"2,906 ",,,,,,,,,,,,,
E07000102,Three Rivers,Eastern,England," 36,900 ","1,572 ",1 ,0 ,0 ,0 ,0 ,1 ,0 ,0 ,0 ,0 ,0 ,"1,574 ",,,,,,,,,,,,,
E06000034,Thurrock,Eastern,England," 66,400 ","3,618 ",5 ,0 ,0 ,0 ,0 ,0 ,9 ,0 ,0 ,1 ,0 ,"3,633 ",,,,,,,,,,,,,
E07000115,Tonbridge and Malling,South East,England," 53,600 ","3,171 ",2 ,0 ,1 ,0 ,0 ,2 ,4 ,0 ,0 ,2 ,0 ,"3,182 ",,,,,,,,,,,,,
E06000027,Torbay,South West,England," 63,000 ","3,054 ",2 ,0 ,0 ,0 ,0 ,0 ,0 ,0 ,0 ,0 ,0 ,"3,056 ",,,,,,,,,,,,,
W06000020,Torfaen,Wales,Wales," 40,200 ","3,023 ",1 ,1 ,0 ,0 ,0 ,1 ,0 ,0 ,0 ,1 ,0 ,"3,027 ",,,,,,,,,,,,,
E07000046,Torridge,South West,England," 30,500 ","4,555 ",84 ,1 ,1 ,0 ,0 ,0 ,1 ,0 ,0 ,0 ,0 ,"4,642 ",,,,,,,,,,,,,
E09000030,Tower Hamlets,London,England," 120,500 ",970 ,1 ,0 ,0 ,0 ,0 ,0 ,0 ,0 ,0 ,0 ,0 ,971 ,,,,,,,,,,,,,
E08000009,Trafford,North West,England," 96,300 ","2,551 ",0 ,1 ,1 ,0 ,0 ,1 ,1 ,0 ,0 ,1 ,0 ,"2,556 ",,,,,,,,,,,,,
E07000116,Tunbridge Wells,South East,England," 48,200 ","3,330 ",0 ,0 ,2 ,0 ,0 ,1 ,0 ,0 ,0 ,0 ,0 ,"3,333 ",,,,,,,,,,,,,
E07000077,Uttlesford,Eastern,England," 37,000 ","3,886 ",4 ,0 ,1 ,0 ,0 ,1 ,3 ,0 ,0 ,0 ,0 ,"3,895 ",,,,,,,,,,,,,
W06000014,Vale Of Glamorgan / Bro Morgannwg,Wales,Wales," 57,500 ","3,480 ",7 ,0 ,1 ,0 ,0 ,2 ,0 ,0 ,0 ,1 ,0 ,"3,491 ",,,,,,,,,,,,,
E07000180,Vale of White Horse,South East,England," 57,500 ","4,530 ",7 ,3 ,1 ,0 ,0 ,0 ,3 ,0 ,0 ,0 ,0 ,"4,544 ",,,,,,,,,,,,,
E08000036,Wakefield,Yorkshire and Humber,England," 153,100 ","9,491 ",16 ,3 ,3 ,0 ,0 ,2 ,2 ,1 ,0 ,4 ,0 ,"9,522 ",,,,,,,,,,,,,
E08000030,Walsall,West Midlands,England," 112,200 ","4,022 ",0 ,0 ,0 ,0 ,0 ,0 ,2 ,0 ,0 ,0 ,0 ,"4,024 ",,,,,,,,,,,,,
E09000031,Waltham Forest,London,England," 102,900 ","3,068 ",0 ,0 ,0 ,0 ,0 ,0 ,0 ,0 ,0 ,0 ,0 ,"3,068 ",,,,,,,,,,,,,
E09000032,Wandsworth,London,England," 137,400 ","1,737 ",1 ,0 ,0 ,0 ,0 ,0 ,0 ,0 ,0 ,0 ,0 ,"1,738 ",,,,,,,,,,,,,
E06000007,Warrington,North West,England," 90,500 ","5,515 ",3 ,0 ,0 ,0 ,0 ,1 ,8 ,0 ,0 ,0 ,0 ,"5,527 ",,,,,,,,,,,,,
E07000222,Warwick,West Midlands,England," 62,600 ","4,155 ",1 ,1 ,1 ,0 ,0 ,1 ,3 ,0 ,0 ,2 ,0 ,"4,164 ",,,,,,,,,,,,,
E07000103,Watford,Eastern,England," 39,600 ","1,033 ",0 ,0 ,0 ,0 ,0 ,0 ,0 ,0 ,0 ,0 ,0 ,"1,033 ",,,,,,,,,,,,,
E07000216,Waverley,South East,England," 52,400 ","3,906 ",0 ,1 ,0 ,0 ,0 ,0 ,3 ,0 ,0 ,0 ,0 ,"3,910 ",,,,,,,,,,,,,
E07000065,Wealden,South East,England," 68,300 ","6,654 ",2 ,0 ,0 ,0 ,0 ,0 ,0 ,0 ,0 ,0 ,0 ,"6,656 ",,,,,,,,,,,,,
E07000241,Welwyn Hatfield,Eastern,England," 46,200 ","2,147 ",0 ,1 ,1 ,0 ,0 ,0 ,0 ,0 ,0 ,0 ,0 ,"2,149 ",,,,,,,,,,,,,
E06000037,West Berkshire,South East,England," 66,700 ","4,155 ",4 ,2 ,1 ,0 ,0 ,0 ,1 ,0 ,0 ,1 ,0 ,"4,164 ",,,,,,,,,,,,,
E07000047,West Devon,South West,England," 24,800 ","3,318 ",20 ,12 ,0 ,0 ,0 ,0 ,0 ,0 ,0 ,0 ,0 ,"3,350 ",,,,,,,,,,,,,
S12000039,West Dunbartonshire,Scotland,Scotland," 43,050 ","1,928 ",0 ,2 ,1 ,0 ,0 ,0 ,2 ,0 ,0 ,0 ,0 ,"1,933 ",,,,,,,,,,,,,
E07000127,West Lancashire,North West,England," 48,500 ","2,603 ",15 ,0 ,0 ,0 ,0 ,0 ,0 ,0 ,0 ,0 ,0 ,"2,618 ",,,,,,,,,,,,,
E07000142,West Lindsey,East Midlands,England," 42,300 ","4,236 ",30 ,0 ,8 ,0 ,0 ,1 ,1 ,0 ,0 ,5 ,0 ,"4,281 ",,,,,,,,,,,,,
S12000040,West Lothian,Scotland,Scotland," 81,645 ","7,665 ",35 ,0 ,0 ,0 ,0 ,0 ,1 ,0 ,0 ,0 ,0 ,"7,701 ",,,,,,,,,,,,,
E06000062,West Northamptonshire,East Midlands,England," 172,600 ","11,300 ",35 ,0 ,7 ,0 ,0 ,1 ,4 ,0 ,0 ,1 ,0 ,"11,348 ",,,,,,,,,,,,,
E07000181,West Oxfordshire,South East,England," 48,000 ","4,375 ",1 ,2 ,0 ,0 ,0 ,0 ,1 ,0 ,0 ,1 ,0 ,"4,380 ",,,,,,,,,,,,,
E07000245,West Suffolk,Eastern,England," 78,700 ","6,769 ",7 ,0 ,5 ,0 ,0 ,0 ,1 ,0 ,0 ,0 ,1 ,"6,783 ",,,,,,,,,,,,,
E09000033,Westminster,London,England," 94,800 ",864 ,0 ,0 ,0 ,0 ,0 ,0 ,0 ,0 ,0 ,2 ,0 ,866 ,,,,,,,,,,,,,
E06000064,Westmorland and Furness,North West,England," 103,600 ","8,759 ",80 ,41 ,6 ,1 ,0 ,0 ,3 ,0 ,0 ,2 ,0 ,"8,892 ",,,,,,,,,,,,,
E08000010,Wigan,North West,England," 143,100 ","5,838 ",4 ,0 ,0 ,0 ,0 ,1 ,2 ,0 ,0 ,0 ,0 ,"5,845 ",,,,,,,,,,,,,
E06000054,Wiltshire,South West,England," 215,100 ","19,794 ",3 ,8 ,9 ,0 ,0 ,2 ,8 ,0 ,0 ,2 ,0 ,"19,826 ",,,,,,,,,,,,,
E07000094,Winchester,South East,England," 51,700 ","6,776 ",2 ,4 ,0 ,0 ,0 ,0 ,0 ,0 ,0 ,1 ,0 ,"6,783 ",,,,,,,,,,,,,
E06000040,Windsor and Maidenhead,South East,England," 60,900 ","2,981 ",0 ,1 ,0 ,0 ,0 ,0 ,1 ,0 ,0 ,0 ,0 ,"2,983 ",,,,,,,,,,,,,
E08000015,Wirral,North West,England," 143,300 ","4,841 ",4 ,0 ,0 ,2 ,0 ,1 ,1 ,0 ,0 ,0 ,0 ,"4,849 ",,,,,,,,,,,,,
E07000217,Woking,South East,England," 41,400 ","2,708 ",0 ,0 ,0 ,0 ,0 ,0 ,0 ,0 ,0 ,0 ,0 ,"2,708 ",,,,,,,,,,,,,
E06000041,Wokingham,South East,England," 69,200 ","5,157 ",2 ,1 ,1 ,0 ,0 ,2 ,1 ,0 ,0 ,0 ,0 ,"5,164 ",,,,,,,,,,,,,
E08000031,Wolverhampton,West Midlands,England," 105,100 ","3,317 ",0 ,0 ,0 ,0 ,0 ,1 ,0 ,2 ,0 ,3 ,0 ,"3,323 ",,,,,,,,,,,,,
E07000237,Worcester,West Midlands,England," 44,700 ","2,209 ",0 ,0 ,0 ,0 ,0 ,1 ,0 ,0 ,0 ,1 ,0 ,"2,211 ",,,,,,,,,,,,,
E07000229,Worthing,South East,England," 49,500 ","1,907 ",0 ,0 ,0 ,1 ,0 ,1 ,0 ,0 ,0 ,0 ,0 ,"1,909 ",,,,,,,,,,,,,
W06000006,Wrexham / Wrecsam,Wales,Wales," 57,900 ","5,954 ",2 ,0 ,3 ,0 ,0 ,0 ,4 ,0 ,0 ,1 ,0 ,"5,964 ",,,,,,,,,,,,,
E07000238,Wychavon,West Midlands,England," 57,400 ","5,651 ",10 ,3 ,4 ,0 ,0 ,0 ,2 ,1 ,0 ,1 ,0 ,"5,672 ",,,,,,,,,,,,,
E07000128,Wyre,North West,England," 50,800 ","2,546 ",26 ,1 ,1 ,0 ,0 ,0 ,2 ,0 ,0 ,0 ,0 ,"2,576 ",,,,,,,,,,,,,
E07000239,Wyre Forest,West Midlands,England," 45,300 ","2,186 ",1 ,0 ,0 ,0 ,0 ,1 ,0 ,0 ,0 ,0 ,0 ,"2,188 ",,,,,,,,,,,,,
E06000014,York,Yorkshire and Humber,England," 85,500 ","5,061 ",6 ,0 ,0 ,0 ,0 ,2 ,2 ,0 ,0 ,0 ,0 ,"5,071 ",,,,,,,,,,,,,
N09000001,Antrim and Newtownabbey,Northern Ireland,Northern Ireland," 60,500 ","2,406 ",54 ,11 ,6 ,0 ,0 ,2 ,2 ,0 ,0 ,1 ,0 ,"2,482 ",,,,,,,,,,,,,
N09000011,Ards and North Down,Northern Ireland,Northern Ireland," 67,600 ","2,918 ",39 ,1 ,7 ,0 ,0 ,0 ,0 ,0 ,0 ,0 ,0 ,"2,965 ",,,,,,,,,,,,,
N09000002,"Armagh, Banbridge and Craigavon",Northern Ireland,Northern Ireland," 83,200 ","3,651 ",107 ,7 ,38 ,0 ,0 ,0 ,1 ,0 ,0 ,10 ,0 ,"3,814 ",,,,,,,,,,,,,
N09000003,Belfast,Northern Ireland,Northern Ireland," 139,500 ","2,352 ",9 ,1 ,4 ,0 ,0 ,0 ,1 ,2 ,0 ,2 ,0 ,"2,371 ",,,,,,,,,,,,,
N09000004,Causeway Coast and Glens,Northern Ireland,Northern Ireland," 58,900 ","3,002 ",168 ,17 ,13 ,0 ,0 ,0 ,2 ,0 ,0 ,0 ,0 ,"3,202 ",,,,,,,,,,,,,
N09000005,Derry and Strabane,Northern Ireland,Northern Ireland," 58,600 ","3,154 ",107 ,3 ,28 ,0 ,0 ,0 ,1 ,0 ,0 ,4 ,0 ,"3,297 ",,,,,,,,,,,,,
N09000006,Fermanagh and Omagh,Northern Ireland,Northern Ireland," 45,100 ","2,701 ",190 ,2 ,12 ,0 ,0 ,0 ,2 ,0 ,0 ,2 ,0 ,"2,909 ",,,,,,,,,,,,,
N09000007,Lisburn and Castlereagh,Northern Ireland,Northern Ireland," 58,100 ","2,638 ",41 ,2 ,9 ,0 ,0 ,0 ,1 ,0 ,0 ,3 ,0 ,"2,694 ",,,,,,,,,,,,,
N09000008,Mid and East Antrim,Northern Ireland,Northern Ireland," 54,600 ","2,614 ",109 ,19 ,2 ,0 ,0 ,0 ,1 ,0 ,0 ,2 ,0 ,"2,747 ",,,,,,,,,,,,,
N09000009,Mid Ulster,Northern Ireland,Northern Ireland," 57,700 ","2,791 ",158 ,11 ,26 ,0 ,0 ,0 ,2 ,0 ,0 ,3 ,0 ,"2,991 ",,,,,,,,,,,,,
N09000010,"Newry, Mourne and Down",Northern Ireland,Northern Ireland," 67,000 ","4,025 ",91 ,11 ,2 ,0 ,0 ,0 ,2 ,0 ,0 ,1 ,0 ,"4,132 ",,,,,,,,,,,,,
Unallocated (GB),[y],[y],[y], [y] ,"8,619 ",32 ,16 ,17 ,0 ,0 ,1 ,0 ,0 ,0 ,0 ,0 ,"8,685 ",,,,,,,,,,,,,
Unallocated (NI),[y],[y],[y], [y] ,90 ,2 ,1 ,0 ,0 ,0 ,0 ,0 ,0 ,0 ,0 ,0 ,93 ,,,,,,,,,,,,,
Grand Total (UK),[y],[y],[y]," 28,086,688 ","1,696,872 ","9,782 ","1,578 ",786 ,49 ,21 ,198 ,455 ,75 ,6 ,455 ,1 ,"1,710,278 ",,,,,,,,,,,,,
,,,,,,,,,,,,,,,,,,,,,,,,,,,,,,
,,,,,,,,,,,,,,,,,,,,,,,,,,,,,,
,,,,,,,,,,,,,,,,,,,,,,,,,,,,,,
,,,,,,,,,,,,,,,,,,,,,,,,,,,,,,
,,,,,,,,,,,,,,,,,,,,,,,,,,,,,,
,,,,,,,,,,,,,,,,,,,,,,,,,,,,,,
,,,,,,,,,,,,,,,,,,,,,,,,,,,,,,
,,,,,,,,,,,,,,,,,,,,,,,,,,,,,,
,,,,,,,,,,,,,,,,,,,,,,,,,,,,,,
,,,,,,,,,,,,,,,,,,,,,,,,,,,,,,
,,,,,,,,,,,,,,,,,,,,,,,,,,,,,,
,,,,,,,,,,,,,,,,,,,,,,,,,,,,,,
,,,,,,,,,,,,,,,,,,,,,,,,,,,,,,
,,,,,,,,,,,,,,,,,,,,,,,,,,,,,,
,,,,,,,,,,,,,,,,,,,,,,,,,,,,,,
,,,,,,,,,,,,,,,,,,,,,,,,,,,,,,
,,,,,,,,,,,,,,,,,,,,,,,,,,,,,,
,,,,,,,,,,,,,,,,,,,,,,,,,,,,,,
,,,,,,,,,,,,,,,,,,,,,,,,,,,,,,
,,,,,,,,,,,,,,,,,,,,,,,,,,,,,,
,,,,,,,,,,,,,,,,,,,,,,,,,,,,,,
,,,,,,,,,,,,,,,,,,,,,,,,,,,,,,
,,,,,,,,,,,,,,,,,,,,,,,,,,,,,,
,,,,,,,,,,,,,,,,,,,,,,,,,,,,,,
,,,,,,,,,,,,,,,,,,,,,,,,,,,,,,
,,,,,,,,,,,,,,,,,,,,,,,,,,,,,,
,,,,,,,,,,,,,,,,,,,,,,,,,,,,,,
,,,,,,,,,,,,,,,,,,,,,,,,,,,,,,
,,,,,,,,,,,,,,,,,,,,,,,,,,,,,,
,,,,,,,,,,,,,,,,,,,,,,,,,,,,,,
,,,,,,,,,,,,,,,,,,,,,,,,,,,,,,
,,,,,,,,,,,,,,,,,,,,,,,,,,,,,,
,,,,,,,,,,,,,,,,,,,,,,,,,,,,,,
,,,,,,,,,,,,,,,,,,,,,,,,,,,,,,
,,,,,,,,,,,,,,,,,,,,,,,,,,,,,,
,,,,,,,,,,,,,,,,,,,,,,,,,,,,,,
,,,,,,,,,,,,,,,,,,,,,,,,,,,,,,
,,,,,,,,,,,,,,,,,,,,,,,,,,,,,,
,,,,,,,,,,,,,,,,,,,,,,,,,,,,,,
,,,,,,,,,,,,,,,,,,,,,,,,,,,,,,
,,,,,,,,,,,,,,,,,,,,,,,,,,,,,,
,,,,,,,,,,,,,,,,,,,,,,,,,,,,,,
,,,,,,,,,,,,,,,,,,,,,,,,,,,,,,
,,,,,,,,,,,,,,,,,,,,,,,,,,,,,,
,,,,,,,,,,,,,,,,,,,,,,,,,,,,,,
,,,,,,,,,,,,,,,,,,,,,,,,,,,,,,
,,,,,,,,,,,,,,,,,,,,,,,,,,,,,,
,,,,,,,,,,,,,,,,,,,,,,,,,,,,,,
,,,,,,,,,,,,,,,,,,,,,,,,,,,,,,
,,,,,,,,,,,,,,,,,,,,,,,,,,,,,,
,,,,,,,,,,,,,,,,,,,,,,,,,,,,,,
,,,,,,,,,,,,,,,,,,,,,,,,,,,,,,
,,,,,,,,,,,,,,,,,,,,,,,,,,,,,,
,,,,,,,,,,,,,,,,,,,,,,,,,,,,,,
,,,,,,,,,,,,,,,,,,,,,,,,,,,,,,
,,,,,,,,,,,,,,,,,,,,,,,,,,,,,,
,,,,,,,,,,,,,,,,,,,,,,,,,,,,,,
,,,,,,,,,,,,,,,,,,,,,,,,,,,,,,
,,,,,,,,,,,,,,,,,,,,,,,,,,,,,,
,,,,,,,,,,,,,,,,,,,,,,,,,,,,,,
,,,,,,,,,,,,,,,,,,,,,,,,,,,,,,
,,,,,,,,,,,,,,,,,,,,,,,,,,,,,,
,,,,,,,,,,,,,,,,,,,,,,,,,,,,,,
,,,,,,,,,,,,,,,,,,,,,,,,,,,,,,
,,,,,,,,,,,,,,,,,,,,,,,,,,,,,,
,,,,,,,,,,,,,,,,,,,,,,,,,,,,,,
,,,,,,,,,,,,,,,,,,,,,,,,,,,,,,
,,,,,,,,,,,,,,,,,,,,,,,,,,,,,,
,,,,,,,,,,,,,,,,,,,,,,,,,,,,,,
,,,,,,,,,,,,,,,,,,,,,,,,,,,,,,
,,,,,,,,,,,,,,,,,,,,,,,,,,,,,,
,,,,,,,,,,,,,,,,,,,,,,,,,,,,,,
,,,,,,,,,,,,,,,,,,,,,,,,,,,,,,
,,,,,,,,,,,,,,,,,,,,,,,,,,,,,,
,,,,,,,,,,,,,,,,,,,,,,,,,,,,,,
,,,,,,,,,,,,,,,,,,,,,,,,,,,,,,
,,,,,,,,,,,,,,,,,,,,,,,,,,,,,,
,,,,,,,,,,,,,,,,,,,,,,,,,,,,,,
,,,,,,,,,,,,,,,,,,,,,,,,,,,,,,
,,,,,,,,,,,,,,,,,,,,,,,,,,,,,,
,,,,,,,,,,,,,,,,,,,,,,,,,,,,,,
,,,,,,,,,,,,,,,,,,,,,,,,,,,,,,
,,,,,,,,,,,,,,,,,,,,,,,,,,,,,,
,,,,,,,,,,,,,,,,,,,,,,,,,,,,,,
,,,,,,,,,,,,,,,,,,,,,,,,,,,,,,
,,,,,,,,,,,,,,,,,,,,,,,,,,,,,,
,,,,,,,,,,,,,,,,,,,,,,,,,,,,,,
,,,,,,,,,,,,,,,,,,,,,,,,,,,,,,
,,,,,,,,,,,,,,,,,,,,,,,,,,,,,,
,,,,,,,,,,,,,,,,,,,,,,,,,,,,,,
,,,,,,,,,,,,,,,,,,,,,,,,,,,,,,
,,,,,,,,,,,,,,,,,,,,,,,,,,,,,,
,,,,,,,,,,,,,,,,,,,,,,,,,,,,,,
,,,,,,,,,,,,,,,,,,,,,,,,,,,,,,
,,,,,,,,,,,,,,,,,,,,,,,,,,,,,,
,,,,,,,,,,,,,,,,,,,,,,,,,,,,,,
,,,,,,,,,,,,,,,,,,,,,,,,,,,,,,
,,,,,,,,,,,,,,,,,,,,,,,,,,,,,,
,,,,,,,,,,,,,,,,,,,,,,,,,,,,,,
,,,,,,,,,,,,,,,,,,,,,,,,,,,,,,
,,,,,,,,,,,,,,,,,,,,,,,,,,,,,,
,,,,,,,,,,,,,,,,,,,,,,,,,,,,,,
,,,,,,,,,,,,,,,,,,,,,,,,,,,,,,
,,,,,,,,,,,,,,,,,,,,,,,,,,,,,,
,,,,,,,,,,,,,,,,,,,,,,,,,,,,,,
,,,,,,,,,,,,,,,,,,,,,,,,,,,,,,
,,,,,,,,,,,,,,,,,,,,,,,,,,,,,,
,,,,,,,,,,,,,,,,,,,,,,,,,,,,,,
,,,,,,,,,,,,,,,,,,,,,,,,,,,,,,
,,,,,,,,,,,,,,,,,,,,,,,,,,,,,,
,,,,,,,,,,,,,,,,,,,,,,,,,,,,,,
,,,,,,,,,,,,,,,,,,,,,,,,,,,,,,
,,,,,,,,,,,,,,,,,,,,,,,,,,,,,,
,,,,,,,,,,,,,,,,,,,,,,,,,,,,,,
,,,,,,,,,,,,,,,,,,,,,,,,,,,,,,
,,,,,,,,,,,,,,,,,,,,,,,,,,,,,,
,,,,,,,,,,,,,,,,,,,,,,,,,,,,,,
,,,,,,,,,,,,,,,,,,,,,,,,,,,,,,
,,,,,,,,,,,,,,,,,,,,,,,,,,,,,,
,,,,,,,,,,,,,,,,,,,,,,,,,,,,,,
,,,,,,,,,,,,,,,,,,,,,,,,,,,,,,
,,,,,,,,,,,,,,,,,,,,,,,,,,,,,,
,,,,,,,,,,,,,,,,,,,,,,,,,,,,,,
,,,,,,,,,,,,,,,,,,,,,,,,,,,,,,
,,,,,,,,,,,,,,,,,,,,,,,,,,,,,,
,,,,,,,,,,,,,,,,,,,,,,,,,,,,,,
,,,,,,,,,,,,,,,,,,,,,,,,,,,,,,
,,,,,,,,,,,,,,,,,,,,,,,,,,,,,,
,,,,,,,,,,,,,,,,,,,,,,,,,,,,,,
,,,,,,,,,,,,,,,,,,,,,,,,,,,,,,
,,,,,,,,,,,,,,,,,,,,,,,,,,,,,,
,,,,,,,,,,,,,,,,,,,,,,,,,,,,,,
,,,,,,,,,,,,,,,,,,,,,,,,,,,,,,
,,,,,,,,,,,,,,,,,,,,,,,,,,,,,,
,,,,,,,,,,,,,,,,,,,,,,,,,,,,,,
,,,,,,,,,,,,,,,,,,,,,,,,,,,,,,
,,,,,,,,,,,,,,,,,,,,,,,,,,,,,,
,,,,,,,,,,,,,,,,,,,,,,,,,,,,,,
,,,,,,,,,,,,,,,,,,,,,,,,,,,,,,
,,,,,,,,,,,,,,,,,,,,,,,,,,,,,,
,,,,,,,,,,,,,,,,,,,,,,,,,,,,,,
,,,,,,,,,,,,,,,,,,,,,,,,,,,,,,
,,,,,,,,,,,,,,,,,,,,,,,,,,,,,,
,,,,,,,,,,,,,,,,,,,,,,,,,,,,,,
,,,,,,,,,,,,,,,,,,,,,,,,,,,,,,
,,,,,,,,,,,,,,,,,,,,,,,,,,,,,,
,,,,,,,,,,,,,,,,,,,,,,,,,,,,,,
,,,,,,,,,,,,,,,,,,,,,,,,,,,,,,
,,,,,,,,,,,,,,,,,,,,,,,,,,,,,,
,,,,,,,,,,,,,,,,,,,,,,,,,,,,,,
,,,,,,,,,,,,,,,,,,,,,,,,,,,,,,
,,,,,,,,,,,,,,,,,,,,,,,,,,,,,,
,,,,,,,,,,,,,,,,,,,,,,,,,,,,,,
,,,,,,,,,,,,,,,,,,,,,,,,,,,,,,
,,,,,,,,,,,,,,,,,,,,,,,,,,,,,,
,,,,,,,,,,,,,,,,,,,,,,,,,,,,,,
,,,,,,,,,,,,,,,,,,,,,,,,,,,,,,
,,,,,,,,,,,,,,,,,,,,,,,,,,,,,,
,,,,,,,,,,,,,,,,,,,,,,,,,,,,,,
,,,,,,,,,,,,,,,,,,,,,,,,,,,,,,
,,,,,,,,,,,,,,,,,,,,,,,,,,,,,,
,,,,,,,,,,,,,,,,,,,,,,,,,,,,,,
,,,,,,,,,,,,,,,,,,,,,,,,,,,,,,
,,,,,,,,,,,,,,,,,,,,,,,,,,,,,,
,,,,,,,,,,,,,,,,,,,,,,,,,,,,,,
,,,,,,,,,,,,,,,,,,,,,,,,,,,,,,
,,,,,,,,,,,,,,,,,,,,,,,,,,,,,,
,,,,,,,,,,,,,,,,,,,,,,,,,,,,,,
,,,,,,,,,,,,,,,,,,,,,,,,,,,,,,
,,,,,,,,,,,,,,,,,,,,,,,,,,,,,,
,,,,,,,,,,,,,,,,,,,,,,,,,,,,,,
,,,,,,,,,,,,,,,,,,,,,,,,,,,,,,
,,,,,,,,,,,,,,,,,,,,,,,,,,,,,,
,,,,,,,,,,,,,,,,,,,,,,,,,,,,,,
,,,,,,,,,,,,,,,,,,,,,,,,,,,,,,
,,,,,,,,,,,,,,,,,,,,,,,,,,,,,,
,,,,,,,,,,,,,,,,,,,,,,,,,,,,,,
,,,,,,,,,,,,,,,,,,,,,,,,,,,,,,
,,,,,,,,,,,,,,,,,,,,,,,,,,,,,,
,,,,,,,,,,,,,,,,,,,,,,,,,,,,,,
,,,,,,,,,,,,,,,,,,,,,,,,,,,,,,
,,,,,,,,,,,,,,,,,,,,,,,,,,,,,,
,,,,,,,,,,,,,,,,,,,,,,,,,,,,,,
,,,,,,,,,,,,,,,,,,,,,,,,,,,,,,
,,,,,,,,,,,,,,,,,,,,,,,,,,,,,,
,,,,,,,,,,,,,,,,,,,,,,,,,,,,,,
,,,,,,,,,,,,,,,,,,,,,,,,,,,,,,
,,,,,,,,,,,,,,,,,,,,,,,,,,,,,,
,,,,,,,,,,,,,,,,,,,,,,,,,,,,,,
,,,,,,,,,,,,,,,,,,,,,,,,,,,,,,
,,,,,,,,,,,,,,,,,,,,,,,,,,,,,,
,,,,,,,,,,,,,,,,,,,,,,,,,,,,,,
,,,,,,,,,,,,,,,,,,,,,,,,,,,,,,
,,,,,,,,,,,,,,,,,,,,,,,,,,,,,,
,,,,,,,,,,,,,,,,,,,,,,,,,,,,,,
,,,,,,,,,,,,,,,,,,,,,,,,,,,,,,
,,,,,,,,,,,,,,,,,,,,,,,,,,,,,,
,,,,,,,,,,,,,,,,,,,,,,,,,,,,,,
,,,,,,,,,,,,,,,,,,,,,,,,,,,,,,
,,,,,,,,,,,,,,,,,,,,,,,,,,,,,,
,,,,,,,,,,,,,,,,,,,,,,,,,,,,,,
,,,,,,,,,,,,,,,,,,,,,,,,,,,,,,
,,,,,,,,,,,,,,,,,,,,,,,,,,,,,,
,,,,,,,,,,,,,,,,,,,,,,,,,,,,,,
,,,,,,,,,,,,,,,,,,,,,,,,,,,,,,
,,,,,,,,,,,,,,,,,,,,,,,,,,,,,,
,,,,,,,,,,,,,,,,,,,,,,,,,,,,,,
,,,,,,,,,,,,,,,,,,,,,,,,,,,,,,
,,,,,,,,,,,,,,,,,,,,,,,,,,,,,,
,,,,,,,,,,,,,,,,,,,,,,,,,,,,,,
,,,,,,,,,,,,,,,,,,,,,,,,,,,,,,
,,,,,,,,,,,,,,,,,,,,,,,,,,,,,,
,,,,,,,,,,,,,,,,,,,,,,,,,,,,,,
,,,,,,,,,,,,,,,,,,,,,,,,,,,,,,
,,,,,,,,,,,,,,,,,,,,,,,,,,,,,,
,,,,,,,,,,,,,,,,,,,,,,,,,,,,,,
,,,,,,,,,,,,,,,,,,,,,,,,,,,,,,
,,,,,,,,,,,,,,,,,,,,,,,,,,,,,,
,,,,,,,,,,,,,,,,,,,,,,,,,,,,,,
,,,,,,,,,,,,,,,,,,,,,,,,,,,,,,
,,,,,,,,,,,,,,,,,,,,,,,,,,,,,,
,,,,,,,,,,,,,,,,,,,,,,,,,,,,,,
,,,,,,,,,,,,,,,,,,,,,,,,,,,,,,
,,,,,,,,,,,,,,,,,,,,,,,,,,,,,,
,,,,,,,,,,,,,,,,,,,,,,,,,,,,,,
,,,,,,,,,,,,,,,,,,,,,,,,,,,,,,
,,,,,,,,,,,,,,,,,,,,,,,,,,,,,,
,,,,,,,,,,,,,,,,,,,,,,,,,,,,,,
,,,,,,,,,,,,,,,,,,,,,,,,,,,,,,
,,,,,,,,,,,,,,,,,,,,,,,,,,,,,,
,,,,,,,,,,,,,,,,,,,,,,,,,,,,,,
,,,,,,,,,,,,,,,,,,,,,,,,,,,,,,
,,,,,,,,,,,,,,,,,,,,,,,,,,,,,,
,,,,,,,,,,,,,,,,,,,,,,,,,,,,,,
,,,,,,,,,,,,,,,,,,,,,,,,,,,,,,
,,,,,,,,,,,,,,,,,,,,,,,,,,,,,,
,,,,,,,,,,,,,,,,,,,,,,,,,,,,,,
,,,,,,,,,,,,,,,,,,,,,,,,,,,,,,
,,,,,,,,,,,,,,,,,,,,,,,,,,,,,,
,,,,,,,,,,,,,,,,,,,,,,,,,,,,,,
,,,,,,,,,,,,,,,,,,,,,,,,,,,,,,
,,,,,,,,,,,,,,,,,,,,,,,,,,,,,,
,,,,,,,,,,,,,,,,,,,,,,,,,,,,,,
,,,,,,,,,,,,,,,,,,,,,,,,,,,,,,
,,,,,,,,,,,,,,,,,,,,,,,,,,,,,,
,,,,,,,,,,,,,,,,,,,,,,,,,,,,,,
,,,,,,,,,,,,,,,,,,,,,,,,,,,,,,
,,,,,,,,,,,,,,,,,,,,,,,,,,,,,,
,,,,,,,,,,,,,,,,,,,,,,,,,,,,,,
,,,,,,,,,,,,,,,,,,,,,,,,,,,,,,
,,,,,,,,,,,,,,,,,,,,,,,,,,,,,,
,,,,,,,,,,,,,,,,,,,,,,,,,,,,,,
,,,,,,,,,,,,,,,,,,,,,,,,,,,,,,
,,,,,,,,,,,,,,,,,,,,,,,,,,,,,,
,,,,,,,,,,,,,,,,,,,,,,,,,,,,,,
,,,,,,,,,,,,,,,,,,,,,,,,,,,,,,
,,,,,,,,,,,,,,,,,,,,,,,,,,,,,,
,,,,,,,,,,,,,,,,,,,,,,,,,,,,,,
,,,,,,,,,,,,,,,,,,,,,,,,,,,,,,
,,,,,,,,,,,,,,,,,,,,,,,,,,,,,,
,,,,,,,,,,,,,,,,,,,,,,,,,,,,,,
,,,,,,,,,,,,,,,,,,,,,,,,,,,,,,
,,,,,,,,,,,,,,,,,,,,,,,,,,,,,,
,,,,,,,,,,,,,,,,,,,,,,,,,,,,,,
,,,,,,,,,,,,,,,,,,,,,,,,,,,,,,
,,,,,,,,,,,,,,,,,,,,,,,,,,,,,,
,,,,,,,,,,,,,,,,,,,,,,,,,,,,,,
,,,,,,,,,,,,,,,,,,,,,,,,,,,,,,
,,,,,,,,,,,,,,,,,,,,,,,,,,,,,,
,,,,,,,,,,,,,,,,,,,,,,,,,,,,,,
,,,,,,,,,,,,,,,,,,,,,,,,,,,,,,
,,,,,,,,,,,,,,,,,,,,,,,,,,,,,,
,,,,,,,,,,,,,,,,,,,,,,,,,,,,,,
,,,,,,,,,,,,,,,,,,,,,,,,,,,,,,
,,,,,,,,,,,,,,,,,,,,,,,,,,,,,,
,,,,,,,,,,,,,,,,,,,,,,,,,,,,,,
,,,,,,,,,,,,,,,,,,,,,,,,,,,,,,
,,,,,,,,,,,,,,,,,,,,,,,,,,,,,,
,,,,,,,,,,,,,,,,,,,,,,,,,,,,,,
,,,,,,,,,,,,,,,,,,,,,,,,,,,,,,
,,,,,,,,,,,,,,,,,,,,,,,,,,,,,,
,,,,,,,,,,,,,,,,,,,,,,,,,,,,,,
,,,,,,,,,,,,,,,,,,,,,,,,,,,,,,
,,,,,,,,,,,,,,,,,,,,,,,,,,,,,,
,,,,,,,,,,,,,,,,,,,,,,,,,,,,,,
,,,,,,,,,,,,,,,,,,,,,,,,,,,,,,
,,,,,,,,,,,,,,,,,,,,,,,,,,,,,,
,,,,,,,,,,,,,,,,,,,,,,,,,,,,,,
,,,,,,,,,,,,,,,,,,,,,,,,,,,,,,
,,,,,,,,,,,,,,,,,,,,,,,,,,,,,,
,,,,,,,,,,,,,,,,,,,,,,,,,,,,,,
,,,,,,,,,,,,,,,,,,,,,,,,,,,,,,
,,,,,,,,,,,,,,,,,,,,,,,,,,,,,,
,,,,,,,,,,,,,,,,,,,,,,,,,,,,,,
,,,,,,,,,,,,,,,,,,,,,,,,,,,,,,
,,,,,,,,,,,,,,,,,,,,,,,,,,,,,,
,,,,,,,,,,,,,,,,,,,,,,,,,,,,,,
,,,,,,,,,,,,,,,,,,,,,,,,,,,,,,
,,,,,,,,,,,,,,,,,,,,,,,,,,,,,,
,,,,,,,,,,,,,,,,,,,,,,,,,,,,,,
,,,,,,,,,,,,,,,,,,,,,,,,,,,,,,
,,,,,,,,,,,,,,,,,,,,,,,,,,,,,,
,,,,,,,,,,,,,,,,,,,,,,,,,,,,,,
,,,,,,,,,,,,,,,,,,,,,,,,,,,,,,
,,,,,,,,,,,,,,,,,,,,,,,,,,,,,,
,,,,,,,,,,,,,,,,,,,,,,,,,,,,,,
,,,,,,,,,,,,,,,,,,,,,,,,,,,,,,
,,,,,,,,,,,,,,,,,,,,,,,,,,,,,,
,,,,,,,,,,,,,,,,,,,,,,,,,,,,,,
,,,,,,,,,,,,,,,,,,,,,,,,,,,,,,
,,,,,,,,,,,,,,,,,,,,,,,,,,,,,,
,,,,,,,,,,,,,,,,,,,,,,,,,,,,,,
,,,,,,,,,,,,,,,,,,,,,,,,,,,,,,
,,,,,,,,,,,,,,,,,,,,,,,,,,,,,,
,,,,,,,,,,,,,,,,,,,,,,,,,,,,,,
,,,,,,,,,,,,,,,,,,,,,,,,,,,,,,
,,,,,,,,,,,,,,,,,,,,,,,,,,,,,,
,,,,,,,,,,,,,,,,,,,,,,,,,,,,,,
,,,,,,,,,,,,,,,,,,,,,,,,,,,,,,
,,,,,,,,,,,,,,,,,,,,,,,,,,,,,,
,,,,,,,,,,,,,,,,,,,,,,,,,,,,,,
,,,,,,,,,,,,,,,,,,,,,,,,,,,,,,
,,,,,,,,,,,,,,,,,,,,,,,,,,,,,,
,,,,,,,,,,,,,,,,,,,,,,,,,,,,,,
,,,,,,,,,,,,,,,,,,,,,,,,,,,,,,
,,,,,,,,,,,,,,,,,,,,,,,,,,,,,,
,,,,,,,,,,,,,,,,,,,,,,,,,,,,,,
,,,,,,,,,,,,,,,,,,,,,,,,,,,,,,
,,,,,,,,,,,,,,,,,,,,,,,,,,,,,,
,,,,,,,,,,,,,,,,,,,,,,,,,,,,,,
,,,,,,,,,,,,,,,,,,,,,,,,,,,,,,
,,,,,,,,,,,,,,,,,,,,,,,,,,,,,,
,,,,,,,,,,,,,,,,,,,,,,,,,,,,,,
,,,,,,,,,,,,,,,,,,,,,,,,,,,,,,
,,,,,,,,,,,,,,,,,,,,,,,,,,,,,,
,,,,,,,,,,,,,,,,,,,,,,,,,,,,,,
,,,,,,,,,,,,,,,,,,,,,,,,,,,,,,
,,,,,,,,,,,,,,,,,,,,,,,,,,,,,,
,,,,,,,,,,,,,,,,,,,,,,,,,,,,,,
,,,,,,,,,,,,,,,,,,,,,,,,,,,,,,
,,,,,,,,,,,,,,,,,,,,,,,,,,,,,,
,,,,,,,,,,,,,,,,,,,,,,,,,,,,,,
,,,,,,,,,,,,,,,,,,,,,,,,,,,,,,
,,,,,,,,,,,,,,,,,,,,,,,,,,,,,,
,,,,,,,,,,,,,,,,,,,,,,,,,,,,,,
,,,,,,,,,,,,,,,,,,,,,,,,,,,,,,
,,,,,,,,,,,,,,,,,,,,,,,,,,,,,,
,,,,,,,,,,,,,,,,,,,,,,,,,,,,,,
,,,,,,,,,,,,,,,,,,,,,,,,,,,,,,
,,,,,,,,,,,,,,,,,,,,,,,,,,,,,,
,,,,,,,,,,,,,,,,,,,,,,,,,,,,,,
,,,,,,,,,,,,,,,,,,,,,,,,,,,,,,
,,,,,,,,,,,,,,,,,,,,,,,,,,,,,,
,,,,,,,,,,,,,,,,,,,,,,,,,,,,,,
,,,,,,,,,,,,,,,,,,,,,,,,,,,,,,
,,,,,,,,,,,,,,,,,,,,,,,,,,,,,,
,,,,,,,,,,,,,,,,,,,,,,,,,,,,,,
,,,,,,,,,,,,,,,,,,,,,,,,,,,,,,
,,,,,,,,,,,,,,,,,,,,,,,,,,,,,,
,,,,,,,,,,,,,,,,,,,,,,,,,,,,,,
,,,,,,,,,,,,,,,,,,,,,,,,,,,,,,
,,,,,,,,,,,,,,,,,,,,,,,,,,,,,,
,,,,,,,,,,,,,,,,,,,,,,,,,,,,,,
,,,,,,,,,,,,,,,,,,,,,,,,,,,,,,
,,,,,,,,,,,,,,,,,,,,,,,,,,,,,,
,,,,,,,,,,,,,,,,,,,,,,,,,,,,,,
,,,,,,,,,,,,,,,,,,,,,,,,,,,,,,
,,,,,,,,,,,,,,,,,,,,,,,,,,,,,,
,,,,,,,,,,,,,,,,,,,,,,,,,,,,,,
,,,,,,,,,,,,,,,,,,,,,,,,,,,,,,
,,,,,,,,,,,,,,,,,,,,,,,,,,,,,,
,,,,,,,,,,,,,,,,,,,,,,,,,,,,,,
,,,,,,,,,,,,,,,,,,,,,,,,,,,,,,
,,,,,,,,,,,,,,,,,,,,,,,,,,,,,,
,,,,,,,,,,,,,,,,,,,,,,,,,,,,,,
,,,,,,,,,,,,,,,,,,,,,,,,,,,,,,
,,,,,,,,,,,,,,,,,,,,,,,,,,,,,,
,,,,,,,,,,,,,,,,,,,,,,,,,,,,,,
,,,,,,,,,,,,,,,,,,,,,,,,,,,,,,
,,,,,,,,,,,,,,,,,,,,,,,,,,,,,,
,,,,,,,,,,,,,,,,,,,,,,,,,,,,,,
,,,,,,,,,,,,,,,,,,,,,,,,,,,,,,
,,,,,,,,,,,,,,,,,,,,,,,,,,,,,,
,,,,,,,,,,,,,,,,,,,,,,,,,,,,,,
,,,,,,,,,,,,,,,,,,,,,,,,,,,,,,
,,,,,,,,,,,,,,,,,,,,,,,,,,,,,,
,,,,,,,,,,,,,,,,,,,,,,,,,,,,,,
,,,,,,,,,,,,,,,,,,,,,,,,,,,,,,
,,,,,,,,,,,,,,,,,,,,,,,,,,,,,,
,,,,,,,,,,,,,,,,,,,,,,,,,,,,,,
,,,,,,,,,,,,,,,,,,,,,,,,,,,,,,
,,,,,,,,,,,,,,,,,,,,,,,,,,,,,,
,,,,,,,,,,,,,,,,,,,,,,,,,,,,,,
,,,,,,,,,,,,,,,,,,,,,,,,,,,,,,
,,,,,,,,,,,,,,,,,,,,,,,,,,,,,,
,,,,,,,,,,,,,,,,,,,,,,,,,,,,,,
,,,,,,,,,,,,,,,,,,,,,,,,,,,,,,
,,,,,,,,,,,,,,,,,,,,,,,,,,,,,,
,,,,,,,,,,,,,,,,,,,,,,,,,,,,,,
,,,,,,,,,,,,,,,,,,,,,,,,,,,,,,
,,,,,,,,,,,,,,,,,,,,,,,,,,,,,,
,,,,,,,,,,,,,,,,,,,,,,,,,,,,,,
,,,,,,,,,,,,,,,,,,,,,,,,,,,,,,
,,,,,,,,,,,,,,,,,,,,,,,,,,,,,,
,,,,,,,,,,,,,,,,,,,,,,,,,,,,,,
,,,,,,,,,,,,,,,,,,,,,,,,,,,,,,
,,,,,,,,,,,,,,,,,,,,,,,,,,,,,,
,,,,,,,,,,,,,,,,,,,,,,,,,,,,,,
,,,,,,,,,,,,,,,,,,,,,,,,,,,,,,
,,,,,,,,,,,,,,,,,,,,,,,,,,,,,,
,,,,,,,,,,,,,,,,,,,,,,,,,,,,,,
,,,,,,,,,,,,,,,,,,,,,,,,,,,,,,
,,,,,,,,,,,,,,,,,,,,,,,,,,,,,,
,,,,,,,,,,,,,,,,,,,,,,,,,,,,,,
,,,,,,,,,,,,,,,,,,,,,,,,,,,,,,
,,,,,,,,,,,,,,,,,,,,,,,,,,,,,,
,,,,,,,,,,,,,,,,,,,,,,,,,,,,,,
,,,,,,,,,,,,,,,,,,,,,,,,,,,,,,
,,,,,,,,,,,,,,,,,,,,,,,,,,,,,,
,,,,,,,,,,,,,,,,,,,,,,,,,,,,,,
,,,,,,,,,,,,,,,,,,,,,,,,,,,,,,
,,,,,,,,,,,,,,,,,,,,,,,,,,,,,,
,,,,,,,,,,,,,,,,,,,,,,,,,,,,,,
,,,,,,,,,,,,,,,,,,,,,,,,,,,,,,
,,,,,,,,,,,,,,,,,,,,,,,,,,,,,,
,,,,,,,,,,,,,,,,,,,,,,,,,,,,,,
,,,,,,,,,,,,,,,,,,,,,,,,,,,,,,
,,,,,,,,,,,,,,,,,,,,,,,,,,,,,,
,,,,,,,,,,,,,,,,,,,,,,,,,,,,,,
,,,,,,,,,,,,,,,,,,,,,,,,,,,,,,
,,,,,,,,,,,,,,,,,,,,,,,,,,,,,,
,,,,,,,,,,,,,,,,,,,,,,,,,,,,,,
,,,,,,,,,,,,,,,,,,,,,,,,,,,,,,
,,,,,,,,,,,,,,,,,,,,,,,,,,,,,,
,,,,,,,,,,,,,,,,,,,,,,,,,,,,,,
,,,,,,,,,,,,,,,,,,,,,,,,,,,,,,
,,,,,,,,,,,,,,,,,,,,,,,,,,,,,,
,,,,,,,,,,,,,,,,,,,,,,,,,,,,,,
,,,,,,,,,,,,,,,,,,,,,,,,,,,,,,
,,,,,,,,,,,,,,,,,,,,,,,,,,,,,,
,,,,,,,,,,,,,,,,,,,,,,,,,,,,,,
,,,,,,,,,,,,,,,,,,,,,,,,,,,,,,
,,,,,,,,,,,,,,,,,,,,,,,,,,,,,,
,,,,,,,,,,,,,,,,,,,,,,,,,,,,,,
,,,,,,,,,,,,,,,,,,,,,,,,,,,,,,
,,,,,,,,,,,,,,,,,,,,,,,,,,,,,,
,,,,,,,,,,,,,,,,,,,,,,,,,,,,,,
,,,,,,,,,,,,,,,,,,,,,,,,,,,,,,
,,,,,,,,,,,,,,,,,,,,,,,,,,,,,,
,,,,,,,,,,,,,,,,,,,,,,,,,,,,,,
,,,,,,,,,,,,,,,,,,,,,,,,,,,,,,
,,,,,,,,,,,,,,,,,,,,,,,,,,,,,,
,,,,,,,,,,,,,,,,,,,,,,,,,,,,,,
,,,,,,,,,,,,,,,,,,,,,,,,,,,,,,
,,,,,,,,,,,,,,,,,,,,,,,,,,,,,,
,,,,,,,,,,,,,,,,,,,,,,,,,,,,,,
,,,,,,,,,,,,,,,,,,,,,,,,,,,,,,
,,,,,,,,,,,,,,,,,,,,,,,,,,,,,,
,,,,,,,,,,,,,,,,,,,,,,,,,,,,,,
,,,,,,,,,,,,,,,,,,,,,,,,,,,,,,
,,,,,,,,,,,,,,,,,,,,,,,,,,,,,,
,,,,,,,,,,,,,,,,,,,,,,,,,,,,,,
,,,,,,,,,,,,,,,,,,,,,,,,,,,,,,
,,,,,,,,,,,,,,,,,,,,,,,,,,,,,,
,,,,,,,,,,,,,,,,,,,,,,,,,,,,,,
,,,,,,,,,,,,,,,,,,,,,,,,,,,,,,
,,,,,,,,,,,,,,,,,,,,,,,,,,,,,,
,,,,,,,,,,,,,,,,,,,,,,,,,,,,,,
,,,,,,,,,,,,,,,,,,,,,,,,,,,,,,
,,,,,,,,,,,,,,,,,,,,,,,,,,,,,,
,,,,,,,,,,,,,,,,,,,,,,,,,,,,,,
,,,,,,,,,,,,,,,,,,,,,,,,,,,,,,
,,,,,,,,,,,,,,,,,,,,,,,,,,,,,,
,,,,,,,,,,,,,,,,,,,,,,,,,,,,,,
,,,,,,,,,,,,,,,,,,,,,,,,,,,,,,
,,,,,,,,,,,,,,,,,,,,,,,,,,,,,,
,,,,,,,,,,,,,,,,,,,,,,,,,,,,,,
,,,,,,,,,,,,,,,,,,,,,,,,,,,,,,
,,,,,,,,,,,,,,,,,,,,,,,,,,,,,,
,,,,,,,,,,,,,,,,,,,,,,,,,,,,,,
,,,,,,,,,,,,,,,,,,,,,,,,,,,,,,
,,,,,,,,,,,,,,,,,,,,,,,,,,,,,,
,,,,,,,,,,,,,,,,,,,,,,,,,,,,,,
,,,,,,,,,,,,,,,,,,,,,,,,,,,,,,
,,,,,,,,,,,,,,,,,,,,,,,,,,,,,,
,,,,,,,,,,,,,,,,,,,,,,,,,,,,,,
,,,,,,,,,,,,,,,,,,,,,,,,,,,,,,
,,,,,,,,,,,,,,,,,,,,,,,,,,,,,,
,,,,,,,,,,,,,,,,,,,,,,,,,,,,,,
,,,,,,,,,,,,,,,,,,,,,,,,,,,,,,
,,,,,,,,,,,,,,,,,,,,,,,,,,,,,,
,,,,,,,,,,,,,,,,,,,,,,,,,,,,,,
,,,,,,,,,,,,,,,,,,,,,,,,,,,,,,
,,,,,,,,,,,,,,,,,,,,,,,,,,,,,,
,,,,,,,,,,,,,,,,,,,,,,,,,,,,,,
,,,,,,,,,,,,,,,,,,,,,,,,,,,,,,
,,,,,,,,,,,,,,,,,,,,,,,,,,,,,,
,,,,,,,,,,,,,,,,,,,,,,,,,,,,,,
,,,,,,,,,,,,,,,,,,,,,,,,,,,,,,
,,,,,,,,,,,,,,,,,,,,,,,,,,,,,,
,,,,,,,,,,,,,,,,,,,,,,,,,,,,,,
,,,,,,,,,,,,,,,,,,,,,,,,,,,,,,
,,,,,,,,,,,,,,,,,,,,,,,,,,,,,,
,,,,,,,,,,,,,,,,,,,,,,,,,,,,,,
,,,,,,,,,,,,,,,,,,,,,,,,,,,,,,
,,,,,,,,,,,,,,,,,,,,,,,,,,,,,,
,,,,,,,,,,,,,,,,,,,,,,,,,,,,,,
,,,,,,,,,,,,,,,,,,,,,,,,,,,,,,
,,,,,,,,,,,,,,,,,,,,,,,,,,,,,,
,,,,,,,,,,,,,,,,,,,,,,,,,,,,,,
,,,,,,,,,,,,,,,,,,,,,,,,,,,,,,
,,,,,,,,,,,,,,,,,,,,,,,,,,,,,,
,,,,,,,,,,,,,,,,,,,,,,,,,,,,,,
,,,,,,,,,,,,,,,,,,,,,,,,,,,,,,
,,,,,,,,,,,,,,,,,,,,,,,,,,,,,,
,,,,,,,,,,,,,,,,,,,,,,,,,,,,,,
,,,,,,,,,,,,,,,,,,,,,,,,,,,,,,
,,,,,,,,,,,,,,,,,,,,,,,,,,,,,,
,,,,,,,,,,,,,,,,,,,,,,,,,,,,,,
,,,,,,,,,,,,,,,,,,,,,,,,,,,,,,
,,,,,,,,,,,,,,,,,,,,,,,,,,,,,,
,,,,,,,,,,,,,,,,,,,,,,,,,,,,,,
,,,,,,,,,,,,,,,,,,,,,,,,,,,,,,
,,,,,,,,,,,,,,,,,,,,,,,,,,,,,,
,,,,,,,,,,,,,,,,,,,,,,,,,,,,,,
,,,,,,,,,,,,,,,,,,,,,,,,,,,,,,
,,,,,,,,,,,,,,,,,,,,,,,,,,,,,,
,,,,,,,,,,,,,,,,,,,,,,,,,,,,,,
,,,,,,,,,,,,,,,,,,,,,,,,,,,,,,
,,,,,,,,,,,,,,,,,,,,,,,,,,,,,,
,,,,,,,,,,,,,,,,,,,,,,,,,,,,,,
,,,,,,,,,,,,,,,,,,,,,,,,,,,,,,
,,,,,,,,,,,,,,,,,,,,,,,,,,,,,,
,,,,,,,,,,,,,,,,,,,,,,,,,,,,,,
,,,,,,,,,,,,,,,,,,,,,,,,,,,,,,
,,,,,,,,,,,,,,,,,,,,,,,,,,,,,,
,,,,,,,,,,,,,,,,,,,,,,,,,,,,,,
,,,,,,,,,,,,,,,,,,,,,,,,,,,,,,
,,,,,,,,,,,,,,,,,,,,,,,,,,,,,,
,,,,,,,,,,,,,,,,,,,,,,,,,,,,,,
,,,,,,,,,,,,,,,,,,,,,,,,,,,,,,
,,,,,,,,,,,,,,,,,,,,,,,,,,,,,,
,,,,,,,,,,,,,,,,,,,,,,,,,,,,,,
,,,,,,,,,,,,,,,,,,,,,,,,,,,,,,
,,,,,,,,,,,,,,,,,,,,,,,,,,,,,,
,,,,,,,,,,,,,,,,,,,,,,,,,,,,,,
,,,,,,,,,,,,,,,,,,,,,,,,,,,,,,
,,,,,,,,,,,,,,,,,,,,,,,,,,,,,,
,,,,,,,,,,,,,,,,,,,,,,,,,,,,,,
,,,,,,,,,,,,,,,,,,,,,,,,,,,,,,
,,,,,,,,,,,,,,,,,,,,,,,,,,,,,,
,,,,,,,,,,,,,,,,,,,,,,,,,,,,,,
,,,,,,,,,,,,,,,,,,,,,,,,,,,,,,
,,,,,,,,,,,,,,,,,,,,,,,,,,,,,,
,,,,,,,,,,,,,,,,,,,,,,,,,,,,,,
,,,,,,,,,,,,,,,,,,,,,,,,,,,,,,
,,,,,,,,,,,,,,,,,,,,,,,,,,,,,,
,,,,,,,,,,,,,,,,,,,,,,,,,,,,,,
,,,,,,,,,,,,,,,,,,,,,,,,,,,,,,
,,,,,,,,,,,,,,,,,,,,,,,,,,,,,,
,,,,,,,,,,,,,,,,,,,,,,,,,,,,,,
,,,,,,,,,,,,,,,,,,,,,,,,,,,,,,
,,,,,,,,,,,,,,,,,,,,,,,,,,,,,,
,,,,,,,,,,,,,,,,,,,,,,,,,,,,,,
,,,,,,,,,,,,,,,,,,,,,,,,,,,,,,
,,,,,,,,,,,,,,,,,,,,,,,,,,,,,,
,,,,,,,,,,,,,,,,,,,,,,,,,,,,,,
,,,,,,,,,,,,,,,,,,,,,,,,,,,,,,
,,,,,,,,,,,,,,,,,,,,,,,,,,,,,,
,,,,,,,,,,,,,,,,,,,,,,,,,,,,,,
,,,,,,,,,,,,,,,,,,,,,,,,,,,,,,
,,,,,,,,,,,,,,,,,,,,,,,,,,,,,,
,,,,,,,,,,,,,,,,,,,,,,,,,,,,,,
,,,,,,,,,,,,,,,,,,,,,,,,,,,,,,
,,,,,,,,,,,,,,,,,,,,,,,,,,,,,,
,,,,,,,,,,,,,,,,,,,,,,,,,,,,,,
,,,,,,,,,,,,,,,,,,,,,,,,,,,,,,
,,,,,,,,,,,,,,,,,,,,,,,,,,,,,,
,,,,,,,,,,,,,,,,,,,,,,,,,,,,,,
,,,,,,,,,,,,,,,,,,,,,,,,,,,,,,
,,,,,,,,,,,,,,,,,,,,,,,,,,,,,,
,,,,,,,,,,,,,,,,,,,,,,,,,,,,,,
,,,,,,,,,,,,,,,,,,,,,,,,,,,,,,
,,,,,,,,,,,,,,,,,,,,,,,,,,,,,,
,,,,,,,,,,,,,,,,,,,,,,,,,,,,,,
,,,,,,,,,,,,,,,,,,,,,,,,,,,,,,
,,,,,,,,,,,,,,,,,,,,,,,,,,,,,,
,,,,,,,,,,,,,,,,,,,,,,,,,,,,,,
,,,,,,,,,,,,,,,,,,,,,,,,,,,,,,
